CustomerID,Recency,Frequency,Monetary,Cluster,Segment
12347.0,1,7,4310.0,0,High Value
12348.0,74,4,1797.24,2,Low Value
12349.0,18,1,1757.55,2,Low Value
12350.0,309,1,334.40000000000003,1,At Risk
12352.0,35,8,2506.04,0,High Value
12353.0,203,1,89.0,1,At Risk
12354.0,231,1,1079.4,1,At Risk
12355.0,213,1,459.4,1,At Risk
12356.0,22,3,2811.43,0,Low Value
12357.0,32,1,6207.67,0,Low Value
12358.0,1,2,1168.06,2,Low Value
12359.0,57,4,6372.58,0,Low Value
12360.0,51,3,2662.06,2,Low Value
12361.0,286,1,189.9,1,At Risk
12362.0,2,10,5226.2300000000005,0,High Value
12363.0,109,2,552.0,2,At Risk
12364.0,7,4,1313.1,2,Low Value
12365.0,290,2,641.38,1,At Risk
12367.0,3,1,168.9,2,Low Value
12370.0,50,4,3545.69,0,Low Value
12371.0,44,2,1887.96,2,Low Value
12372.0,71,3,1298.04,2,Low Value
12373.0,310,1,364.6,1,At Risk
12374.0,24,1,742.9300000000001,2,Low Value
12375.0,10,2,457.5,2,Low Value
12377.0,314,2,1628.12,1,At Risk
12378.0,129,1,4008.62,2,At Risk
12379.0,81,2,852.24,2,Low Value
12380.0,21,4,2724.81,0,Low Value
12381.0,4,5,1845.31,0,Low Value
12383.0,184,5,1850.56,1,At Risk
12384.0,28,2,585.27,2,Low Value
12386.0,337,2,401.9,1,At Risk
12388.0,15,6,2780.6600000000003,0,High Value
12390.0,79,1,549.84,2,Low Value
12391.0,21,1,460.89,2,Low Value
12393.0,71,4,1582.6,2,Low Value
12394.0,63,2,1272.48,2,Low Value
12395.0,18,12,3018.63,0,High Value
12397.0,35,2,2409.9,2,Low Value
12398.0,45,1,1635.66,2,Low Value
12399.0,118,4,1108.65,2,At Risk
12401.0,302,1,84.3,1,At Risk
12402.0,322,1,225.6,1,At Risk
12403.0,49,1,427.7,2,Low Value
12405.0,148,1,1710.39,2,At Risk
12406.0,21,2,3415.3,0,Low Value
12407.0,49,5,1708.12,0,Low Value
12408.0,32,5,2888.55,0,Low Value
12409.0,78,3,11072.67,3,Low Value
12410.0,308,2,693.33,1,At Risk
12412.0,74,3,1226.88,2,Low Value
12413.0,66,3,758.1,2,Low Value
12414.0,216,3,562.4100000000001,1,At Risk
12417.0,2,9,3649.1,0,High Value
12418.0,112,1,668.58,2,At Risk
12420.0,63,1,600.39,2,Low Value
12421.0,15,4,807.04,2,Low Value
12422.0,95,3,803.5600000000001,2,Low Value
12423.0,0,8,1859.31,0,High Value
12424.0,162,2,1760.96,1,At Risk
12425.0,77,1,777.2,2,Low Value
12426.0,194,1,582.73,1,At Risk
12427.0,21,3,825.8000000000001,2,Low Value
12428.0,25,9,7956.46,3,High Value
12429.0,8,4,3750.4,0,Low Value
12430.0,42,1,256.4,2,Low Value
12431.0,35,15,6487.45,3,High Value
12432.0,42,5,5059.32,0,Low Value
12433.0,0,7,13375.87,3,High Value
12434.0,84,2,806.14,2,Low Value
12435.0,79,2,7829.89,0,Low Value
12436.0,99,1,509.01,2,Low Value
12437.0,1,18,4951.41,3,High Value
12438.0,13,2,2906.85,2,Low Value
12441.0,366,1,173.55,1,At Risk
12442.0,2,1,172.06,2,Low Value
12444.0,20,5,5005.46,0,Low Value
12445.0,21,1,133.4,2,Low Value
12446.0,57,1,1002.31,2,Low Value
12447.0,242,1,476.49,1,At Risk
12448.0,43,1,449.45,2,Low Value
12449.0,21,4,4067.29,0,Low Value
12450.0,155,2,197.88,1,At Risk
12451.0,10,5,9035.52,3,Low Value
12452.0,16,2,430.5700000000001,2,Low Value
12453.0,133,1,707.09,2,At Risk
12454.0,55,1,3528.34,2,Low Value
12455.0,72,6,2466.86,0,High Value
12456.0,43,3,3181.04,0,Low Value
12457.0,65,7,2363.23,0,High Value
12458.0,70,2,947.4,2,Low Value
12461.0,93,2,826.88,2,Low Value
12462.0,18,2,1189.59,2,Low Value
12463.0,52,4,1344.78,2,Low Value
12464.0,9,8,1212.05,0,High Value
12465.0,16,2,742.19,2,Low Value
12468.0,187,2,729.54,1,At Risk
12472.0,31,7,6572.11,3,High Value
12473.0,28,5,3938.55,0,Low Value
12474.0,16,18,7375.79,3,High Value
12475.0,53,1,723.38,2,Low Value
12476.0,15,11,6816.42,3,High Value
12477.0,22,6,13219.74,3,High Value
12478.0,3,1,680.99,2,Low Value
12479.0,10,1,527.2,2,Low Value
12480.0,27,4,3281.63,0,Low Value
12481.0,22,10,5596.32,3,High Value
12483.0,16,8,2484.98,0,High Value
12484.0,32,6,4541.72,0,High Value
12488.0,9,3,1298.66,2,Low Value
12489.0,335,1,334.93,1,At Risk
12490.0,4,10,5417.93,3,High Value
12491.0,38,1,460.4,2,Low Value
12492.0,62,2,263.21000000000004,2,Low Value
12493.0,165,2,433.74,1,At Risk
12494.0,15,7,1246.1,0,High Value
12497.0,81,1,1043.1,2,Low Value
12498.0,20,3,403.7000000000001,2,Low Value
12500.0,22,11,4257.82,0,High Value
12501.0,336,1,2169.39,1,At Risk
12502.0,95,5,3723.87,0,Low Value
12504.0,17,2,482.05,2,Low Value
12506.0,232,1,73.5,1,At Risk
12507.0,133,3,1304.81,2,At Risk
12508.0,25,2,398.27,2,Low Value
12509.0,283,1,176.5,1,At Risk
12510.0,142,2,982.57,2,At Risk
12512.0,65,2,138.03,2,Low Value
12513.0,112,1,612.29,2,At Risk
12514.0,266,1,1017.68,1,At Risk
12515.0,352,1,383.7,1,At Risk
12516.0,77,2,1312.06,2,Low Value
12517.0,27,5,2502.84,0,Low Value
12518.0,0,5,2056.89,0,Low Value
12519.0,63,1,340.84000000000003,2,Low Value
12520.0,78,5,2634.26,0,Low Value
12521.0,142,1,599.68,2,At Risk
12522.0,38,2,192.72,2,Low Value
12523.0,18,11,1789.77,0,High Value
12524.0,8,8,4485.72,0,High Value
12526.0,0,3,1316.66,2,Low Value
12527.0,81,3,348.71000000000004,2,Low Value
12528.0,8,6,1933.48,0,High Value
12530.0,59,4,1662.28,2,Low Value
12531.0,14,1,125.22,2,Low Value
12532.0,29,1,349.83000000000004,2,Low Value
12534.0,130,1,1089.18,2,At Risk
12535.0,91,2,716.35,2,Low Value
12536.0,42,3,12601.830000000002,3,Low Value
12538.0,28,1,363.95,2,Low Value
12539.0,21,4,5568.35,0,Low Value
12540.0,19,17,13400.24,3,High Value
12541.0,29,3,981.18,2,Low Value
12544.0,35,1,372.7,2,Low Value
12545.0,74,2,1000.39,2,Low Value
12546.0,46,2,1161.5,2,Low Value
12547.0,197,2,207.8,1,At Risk
12548.0,165,1,95.2,1,At Risk
12550.0,78,1,964.83,2,Low Value
12551.0,357,1,168.0,1,At Risk
12552.0,38,2,437.82,2,Low Value
12553.0,7,10,3692.28,0,High Value
12556.0,49,2,603.71,2,Low Value
12557.0,15,5,11990.96,3,Low Value
12558.0,7,1,269.96,2,Low Value
12559.0,310,2,561.71,1,At Risk
12560.0,4,3,2134.01,2,Low Value
12561.0,302,1,238.85,1,At Risk
12562.0,7,7,3781.74,0,High Value
12564.0,260,1,456.9,1,At Risk
12565.0,288,1,145.92000000000002,1,At Risk
12566.0,85,1,351.65,2,Low Value
12567.0,22,10,9401.28,3,High Value
12571.0,39,2,519.61,2,Low Value
12572.0,8,2,1020.42,2,Low Value
12573.0,226,1,160.54000000000002,1,At Risk
12574.0,315,1,218.45,1,At Risk
12576.0,35,5,1315.83,2,Low Value
12577.0,34,3,657.8,2,Low Value
12578.0,20,2,2794.51,2,Low Value
12579.0,77,1,440.42,2,Low Value
12580.0,246,1,415.7,1,At Risk
12581.0,39,1,197.71,2,Low Value
12582.0,238,2,511.36,1,At Risk
12583.0,2,15,7281.38,3,High Value
12584.0,3,9,2338.15,0,High Value
12585.0,233,2,2040.1,1,At Risk
12586.0,16,1,196.94000000000003,2,Low Value
12587.0,7,1,144.0,2,Low Value
12588.0,38,1,214.9,2,Low Value
12589.0,28,2,646.68,2,Low Value
12590.0,210,2,9864.26,3,At Risk
12591.0,316,1,452.85,1,At Risk
12592.0,91,2,437.6,2,Low Value
12593.0,108,3,418.1,2,At Risk
12594.0,37,10,3338.2200000000003,0,High Value
12596.0,50,2,618.27,2,Low Value
12597.0,18,4,3811.22,0,Low Value
12598.0,9,8,3023.08,0,High Value
12599.0,28,7,1032.58,0,High Value
12600.0,28,10,2599.04,0,High Value
12601.0,189,5,577.0600000000001,1,At Risk
12602.0,58,1,153.12,2,Low Value
12603.0,21,1,739.1999999999999,2,Low Value
12604.0,78,2,254.18,2,Low Value
12607.0,59,1,1579.51,2,Low Value
12609.0,77,3,1126.85,2,Low Value
12610.0,22,5,2099.54,0,Low Value
12611.0,51,1,1193.32,2,Low Value
12612.0,73,1,704.04,2,Low Value
12613.0,56,5,3344.38,0,Low Value
12614.0,277,1,315.6,1,At Risk
12615.0,1,4,2291.19,0,Low Value
12616.0,94,2,713.3,2,Low Value
12617.0,28,1,355.53000000000003,2,Low Value
12618.0,21,1,177.31,2,Low Value
12619.0,15,9,3641.24,0,High Value
12620.0,14,3,1339.41,2,Low Value
12621.0,1,20,13689.67,3,High Value
12622.0,231,1,180.1,1,At Risk
12623.0,275,1,305.1,1,At Risk
12624.0,105,2,641.13,2,At Risk
12625.0,211,2,2683.82,1,At Risk
12626.0,22,9,6620.4800000000005,3,High Value
12627.0,10,7,4478.53,0,High Value
12628.0,3,3,786.46,2,Low Value
12630.0,9,2,1270.88,2,Low Value
12631.0,56,1,640.5,2,Low Value
12633.0,58,4,2163.98,0,Low Value
12635.0,89,2,1689.18,2,Low Value
12637.0,66,8,6021.9,0,High Value
12638.0,32,1,671.69,2,Low Value
12639.0,238,1,486.1,1,At Risk
12640.0,23,3,1174.58,2,Low Value
12641.0,114,1,185.9,2,At Risk
12642.0,24,3,1013.26,2,Low Value
12643.0,127,6,3344.64,0,High Value
12644.0,129,1,477.91,2,At Risk
12645.0,33,4,1775.18,2,Low Value
12646.0,4,2,1346.97,2,Low Value
12647.0,21,12,3722.82,0,High Value
12648.0,154,1,318.05,1,At Risk
12649.0,106,3,623.51,2,At Risk
12650.0,2,1,314.44,2,Low Value
12651.0,334,1,114.0,1,At Risk
12652.0,330,1,919.98,1,At Risk
12653.0,148,2,2209.85,2,At Risk
12654.0,10,5,601.98,2,Low Value
12656.0,16,5,4051.17,0,Low Value
12657.0,10,4,1643.18,2,Low Value
12658.0,18,1,686.05,2,Low Value
12659.0,29,1,91.68,2,Low Value
12660.0,10,1,245.1,2,Low Value
12662.0,0,11,3849.78,0,High Value
12664.0,7,9,4881.88,0,High Value
12665.0,324,1,63.0,1,At Risk
12667.0,57,1,620.13,2,Low Value
12668.0,11,4,3807.15,0,Low Value
12669.0,150,3,2744.03,2,At Risk
12670.0,9,5,2996.05,0,Low Value
12672.0,329,1,225.9,1,At Risk
12673.0,4,2,610.52,2,Low Value
12674.0,38,4,1970.6,2,Low Value
12676.0,24,6,1331.39,0,High Value
12678.0,41,12,17628.46,3,High Value
12679.0,58,4,1113.02,2,Low Value
12680.0,0,4,862.81,2,Low Value
12681.0,14,22,13787.54,3,High Value
12683.0,3,15,8476.57,3,High Value
12684.0,7,7,2283.63,0,High Value
12685.0,27,6,2863.08,0,High Value
12686.0,371,1,89.14,1,At Risk
12688.0,113,1,4873.81,0,At Risk
12689.0,25,2,1247.61,2,Low Value
12690.0,205,1,389.01,1,At Risk
12691.0,27,6,1035.8,0,High Value
12693.0,126,4,855.91,2,At Risk
12694.0,69,2,869.67,2,Low Value
12695.0,6,4,582.1,2,Low Value
12697.0,28,3,957.59,2,Low Value
12700.0,7,4,4939.99,0,Low Value
12701.0,79,2,797.71,2,Low Value
12702.0,19,1,219.0,2,Low Value
12703.0,70,1,283.55,2,Low Value
12704.0,6,8,2340.84,0,High Value
12705.0,14,9,6868.29,3,High Value
12707.0,291,1,603.42,1,At Risk
12708.0,29,10,2712.91,0,High Value
12709.0,14,15,9736.52,3,High Value
12710.0,96,3,1149.02,2,Low Value
12712.0,28,13,4396.13,3,High Value
12713.0,0,1,848.55,2,Low Value
12714.0,8,5,4708.86,0,Low Value
12715.0,105,1,353.86,2,At Risk
12716.0,3,2,1053.49,2,Low Value
12717.0,150,2,1030.98,2,At Risk
12718.0,70,1,238.25,2,Low Value
12719.0,4,2,644.95,2,Low Value
12721.0,31,6,2656.13,0,High Value
12722.0,84,4,997.63,2,Low Value
12723.0,3,5,725.07,2,Low Value
12724.0,4,4,1031.41,2,Low Value
12725.0,370,1,427.8,1,At Risk
12726.0,27,7,2609.1,0,High Value
12727.0,10,7,3980.7,0,High Value
12728.0,70,4,836.33,2,Low Value
12729.0,113,1,453.01,2,At Risk
12731.0,23,12,18895.91,3,High Value
12732.0,179,1,236.26,1,At Risk
12733.0,233,1,383.95,1,At Risk
12734.0,352,1,110.4,1,At Risk
12735.0,314,2,779.5699999999999,1,At Risk
12736.0,332,1,234.0,1,At Risk
12738.0,371,1,155.35,1,At Risk
12739.0,77,2,1013.04,2,Low Value
12740.0,63,1,427.6,2,Low Value
12743.0,133,2,546.43,2,At Risk
12747.0,1,11,4196.01,0,High Value
12749.0,3,5,4090.88,0,Low Value
12750.0,128,1,275.88,2,At Risk
12752.0,80,1,4366.78,0,Low Value
12754.0,235,3,3010.74,1,At Risk
12755.0,280,2,3811.95,1,At Risk
12756.0,86,1,112.08,2,Low Value
12757.0,15,13,7857.1,3,High Value
12758.0,116,2,2791.59,2,At Risk
12759.0,51,3,1531.44,2,Low Value
12762.0,7,2,1898.52,2,Low Value
12763.0,137,2,494.08,2,At Risk
12764.0,316,1,1693.88,1,At Risk
12766.0,3,7,6989.63,3,High Value
12769.0,238,1,1143.6,1,At Risk
12770.0,210,1,1351.45,1,At Risk
12772.0,59,1,892.47,2,Low Value
12775.0,16,5,1386.04,0,Low Value
12778.0,19,6,822.23,0,Loyal
12779.0,37,8,3981.36,0,High Value
12781.0,63,2,826.74,2,Low Value
12782.0,4,5,2330.92,0,Low Value
12783.0,1,6,2225.91,0,High Value
12784.0,8,2,574.42,2,Low Value
12785.0,363,1,311.95,1,At Risk
12787.0,9,3,463.66,2,Low Value
12789.0,64,1,91.85,2,Low Value
12790.0,191,1,324.92,1,At Risk
12791.0,373,1,192.6,1,At Risk
12792.0,256,1,400.54,1,At Risk
12793.0,334,2,545.48,1,At Risk
12794.0,52,2,860.41,2,Low Value
12795.0,18,1,430.48,2,Low Value
12797.0,365,1,254.03,1,At Risk
12798.0,9,3,6977.04,0,Low Value
12802.0,186,1,427.58,1,At Risk
12808.0,36,3,483.65,2,Low Value
12809.0,177,1,489.31,1,At Risk
12811.0,260,3,514.85,1,At Risk
12812.0,44,1,229.64,2,Low Value
12814.0,101,1,125.92,2,At Risk
12815.0,147,2,1063.46,2,At Risk
12816.0,95,2,572.2,2,Low Value
12817.0,280,1,166.04000000000002,1,At Risk
12818.0,261,1,1542.08,1,At Risk
12820.0,2,4,942.34,2,Low Value
12821.0,213,1,92.72,1,At Risk
12822.0,70,2,948.88,2,Low Value
12823.0,74,5,1759.5,0,Low Value
12824.0,59,1,397.12,2,Low Value
12826.0,2,7,1474.72,0,High Value
12827.0,5,3,430.15,2,Low Value
12828.0,2,6,1018.71,0,High Value
12829.0,336,2,293.0,1,At Risk
12830.0,37,6,6814.64,0,High Value
12831.0,261,1,215.05,1,At Risk
12832.0,31,2,383.03,2,Low Value
12833.0,144,1,417.38,2,At Risk
12834.0,282,1,312.38,1,At Risk
12836.0,58,4,2612.86,0,Low Value
12837.0,172,1,134.1,1,At Risk
12838.0,33,2,683.13,2,Low Value
12839.0,2,14,5591.42,3,High Value
12840.0,143,4,2726.77,0,At Risk
12842.0,69,2,1118.99,2,Low Value
12843.0,65,8,1702.26,0,High Value
12844.0,28,2,325.96000000000004,2,Low Value
12845.0,266,4,354.09000000000003,1,At Risk
12847.0,21,1,871.54,2,Low Value
12849.0,30,2,1050.89,2,Low Value
12851.0,96,1,135.18,2,Low Value
12852.0,294,1,311.55,1,At Risk
12853.0,134,6,1957.1,0,High Value
12854.0,78,3,1324.5,2,Low Value
12855.0,372,1,38.1,1,At Risk
12856.0,7,6,2179.93,0,High Value
12857.0,210,2,1106.4,1,At Risk
12863.0,51,1,521.2,2,Low Value
12864.0,137,1,147.12,2,At Risk
12865.0,25,2,1568.23,2,Low Value
12866.0,282,1,559.12,1,At Risk
12867.0,25,7,4036.82,0,High Value
12868.0,185,6,1607.0600000000002,1,High Value
12871.0,83,2,380.64,2,Low Value
12872.0,326,2,599.97,1,At Risk
12873.0,281,1,374.0,1,At Risk
12875.0,142,2,343.2300000000001,2,At Risk
12876.0,57,2,2218.02,2,Low Value
12877.0,3,12,1535.77,0,High Value
12878.0,235,2,854.99,1,At Risk
12879.0,44,3,573.22,2,Low Value
12881.0,275,1,298.0,1,At Risk
12882.0,8,2,1463.04,2,Low Value
12883.0,24,4,703.47,2,Low Value
12884.0,87,1,309.05,2,Low Value
12885.0,62,3,1175.22,2,Low Value
12886.0,67,2,1378.4,2,Low Value
12888.0,213,2,354.12,1,At Risk
12890.0,23,1,380.47,2,Low Value
12891.0,185,3,331.0,1,At Risk
12893.0,30,1,188.14,2,Low Value
12895.0,41,2,372.8,2,Low Value
12897.0,204,2,216.5,1,At Risk
12902.0,264,1,138.68,1,At Risk
12904.0,17,2,509.58,2,Low Value
12906.0,11,5,2919.81,0,Low Value
12908.0,175,2,750.0,1,At Risk
12909.0,39,5,2178.67,0,Low Value
12910.0,22,8,3075.04,0,High Value
12912.0,2,5,1662.3,0,Low Value
12913.0,4,5,2483.63,0,Low Value
12915.0,148,2,363.65,2,At Risk
12916.0,138,4,3006.15,0,At Risk
12917.0,127,1,594.0,2,At Risk
12919.0,7,6,1335.19,0,High Value
12920.0,16,1,164.23,2,Low Value
12922.0,160,1,405.38,1,At Risk
12923.0,63,1,176.97,2,Low Value
12924.0,87,4,933.7,2,Low Value
12925.0,4,2,694.05,2,Low Value
12928.0,34,5,2062.7,0,Low Value
12929.0,311,1,117.85,1,At Risk
12930.0,77,2,415.8,2,Low Value
12933.0,23,3,607.53,2,Low Value
12935.0,1,7,2160.7,0,High Value
12936.0,16,4,1063.9,2,Low Value
12937.0,14,4,1504.27,2,Low Value
12938.0,25,1,114.14,2,Low Value
12939.0,63,8,11581.8,3,High Value
12940.0,54,2,913.54,2,Low Value
12942.0,130,3,683.9,2,At Risk
12944.0,35,2,604.51,2,Low Value
12945.0,287,1,462.95,1,At Risk
12947.0,143,6,1603.99,0,High Value
12948.0,15,7,2064.95,0,High Value
12949.0,30,8,4167.22,0,High Value
12950.0,1,3,1843.0,2,Low Value
12951.0,8,6,1064.07,0,High Value
12952.0,5,4,1387.79,2,Low Value
12953.0,9,1,329.85,2,Low Value
12955.0,0,11,4757.16,0,High Value
12956.0,305,1,108.07,1,At Risk
12957.0,9,8,4017.54,0,High Value
12962.0,6,2,266.39,2,Low Value
12963.0,7,8,1856.63,0,High Value
12965.0,88,1,771.91,2,Low Value
12966.0,9,1,160.18,2,Low Value
12967.0,357,2,1660.9,1,At Risk
12968.0,111,1,135.95,2,At Risk
12970.0,6,4,452.24,2,Low Value
12974.0,197,1,144.8,1,At Risk
12976.0,211,1,738.6,1,At Risk
12977.0,155,1,39.24,1,At Risk
12980.0,157,9,7374.900000000001,3,High Value
12981.0,29,2,372.22,2,Low Value
12982.0,242,1,390.54,1,At Risk
12984.0,18,1,97.5,2,Low Value
12985.0,0,2,1239.38,2,Low Value
12987.0,73,2,558.7,2,Low Value
12988.0,291,1,535.32,1,At Risk
12989.0,2,15,6924.11,3,High Value
12990.0,30,3,409.5,2,Low Value
12991.0,22,2,503.76,2,Low Value
12993.0,22,4,414.76,2,Low Value
12994.0,3,3,974.42,2,Low Value
12995.0,84,1,211.32,2,Low Value
12997.0,21,4,1226.89,2,Low Value
12999.0,195,3,455.88,1,At Risk
13000.0,106,3,534.85,2,At Risk
13001.0,3,13,9818.82,3,High Value
13002.0,317,1,120.95,1,At Risk
13003.0,105,3,149.05,2,At Risk
13004.0,11,18,5655.91,3,High Value
13005.0,173,2,513.7,1,At Risk
13006.0,55,1,81.57,2,Low Value
13008.0,322,1,229.47,1,At Risk
13011.0,371,1,50.55,1,At Risk
13012.0,8,8,1661.84,0,High Value
13013.0,0,13,4810.9400000000005,3,High Value
13014.0,10,10,3466.28,0,High Value
13015.0,52,5,3346.28,0,Low Value
13016.0,72,3,789.89,2,Low Value
13017.0,6,1,204.0,2,Low Value
13021.0,3,9,2616.38,0,High Value
13023.0,63,2,689.9,2,Low Value
13026.0,0,5,975.36,2,Low Value
13027.0,113,6,6912.0,0,High Value
13028.0,22,2,661.3199999999999,2,Low Value
13029.0,30,3,1247.5,2,Low Value
13030.0,10,2,799.48,2,Low Value
13032.0,51,2,1010.18,2,Low Value
13033.0,356,1,190.55,1,At Risk
13034.0,54,2,642.77,2,Low Value
13035.0,73,2,921.88,2,Low Value
13037.0,137,3,881.07,2,At Risk
13038.0,79,3,908.46,2,Low Value
13040.0,8,2,676.99,2,Low Value
13043.0,272,1,516.42,1,At Risk
13044.0,290,1,560.47,1,At Risk
13045.0,98,1,305.28000000000003,2,Low Value
13046.0,30,2,629.31,2,Low Value
13047.0,31,10,3237.54,0,High Value
13048.0,13,4,1835.91,2,Low Value
13049.0,63,2,656.6800000000001,2,Low Value
13050.0,14,17,5836.86,3,High Value
13052.0,211,1,348.15000000000003,1,At Risk
13055.0,77,3,1214.41,2,Low Value
13058.0,24,3,271.40000000000003,2,Low Value
13059.0,249,1,183.4,1,At Risk
13060.0,253,1,307.53000000000003,1,At Risk
13061.0,71,1,248.61,2,Low Value
13062.0,190,1,346.98,1,At Risk
13064.0,12,4,1119.49,2,Low Value
13065.0,372,1,205.86,1,At Risk
13066.0,23,2,470.8,2,Low Value
13067.0,81,1,115.46,2,Low Value
13068.0,9,2,344.0,2,Low Value
13069.0,0,24,4436.12,3,High Value
13070.0,191,1,228.8,1,At Risk
13072.0,266,1,177.15,1,At Risk
13075.0,129,1,919.61,2,At Risk
13077.0,0,4,729.27,2,Low Value
13079.0,3,5,220.1,2,Low Value
13080.0,178,1,58.08,1,At Risk
13082.0,125,9,3613.63,0,High Value
13083.0,3,2,303.75,2,Low Value
13085.0,157,2,416.08,1,At Risk
13090.0,8,14,8910.82,3,High Value
13091.0,27,1,345.82,2,Low Value
13092.0,70,5,477.83,2,Low Value
13093.0,275,8,7832.47,3,High Value
13094.0,20,12,1927.32,0,High Value
13095.0,70,1,74.39999999999999,2,Low Value
13097.0,32,10,6010.42,3,High Value
13099.0,98,1,207.36,2,Low Value
13101.0,233,1,101.19,1,At Risk
13102.0,0,24,6424.09,3,High Value
13103.0,39,1,243.94,2,Low Value
13104.0,2,6,1098.48,0,High Value
13106.0,132,1,76.5,2,At Risk
13107.0,43,4,1531.62,2,Low Value
13108.0,372,1,350.06,1,At Risk
13109.0,59,2,786.54,2,Low Value
13110.0,30,7,1488.67,0,High Value
13113.0,0,24,12245.96,3,High Value
13115.0,11,4,2294.78,0,Low Value
13116.0,137,1,501.14,2,At Risk
13117.0,21,8,984.91,0,Loyal
13118.0,19,5,1197.81,2,Low Value
13120.0,238,1,30.6,1,At Risk
13121.0,268,1,283.73,1,At Risk
13122.0,93,2,922.39,2,Low Value
13124.0,89,3,3866.33,0,Low Value
13126.0,4,8,2099.64,0,High Value
13127.0,77,1,259.17,2,Low Value
13130.0,93,1,64.0,2,Low Value
13131.0,22,3,1073.3,2,Low Value
13132.0,261,1,77.3,1,At Risk
13133.0,273,2,109.8,1,At Risk
13134.0,85,4,1793.58,2,Low Value
13135.0,196,1,3096.0,1,At Risk
13136.0,55,5,2607.61,0,Low Value
13137.0,10,8,3650.41,0,High Value
13138.0,21,6,962.39,0,Loyal
13139.0,15,7,5064.9400000000005,0,High Value
13140.0,107,3,423.72,2,At Risk
13141.0,84,5,2388.75,0,Low Value
13142.0,18,1,307.09000000000003,2,Low Value
13144.0,332,1,110.95,1,At Risk
13145.0,39,4,618.52,2,Low Value
13146.0,25,1,228.91,2,Low Value
13147.0,9,4,712.8,2,Low Value
13148.0,28,12,3707.12,0,High Value
13149.0,13,4,1676.06,2,Low Value
13151.0,295,1,1257.87,1,At Risk
13153.0,5,1,486.22,2,Low Value
13155.0,32,4,971.76,2,Low Value
13157.0,48,4,1741.22,2,Low Value
13158.0,94,4,1201.06,2,Low Value
13159.0,8,4,1437.85,2,Low Value
13160.0,21,1,91.8,2,Low Value
13161.0,312,1,112.75,1,At Risk
13162.0,121,4,1688.29,2,At Risk
13165.0,45,2,1021.48,2,Low Value
13166.0,282,1,417.2,1,At Risk
13167.0,18,4,791.33,2,Low Value
13168.0,35,4,1319.19,2,Low Value
13169.0,63,2,712.88,2,Low Value
13170.0,26,1,116.01,2,Low Value
13171.0,21,3,468.41,2,Low Value
13173.0,3,2,353.65000000000003,2,Low Value
13174.0,15,3,2817.03,0,Low Value
13176.0,45,1,492.84,2,Low Value
13177.0,64,1,282.45,2,Low Value
13178.0,25,11,5725.47,3,High Value
13182.0,44,1,121.18,2,Low Value
13183.0,7,9,3957.78,0,High Value
13184.0,14,10,1701.29,0,High Value
13185.0,267,1,71.4,1,At Risk
13186.0,39,3,1575.89,2,Low Value
13187.0,336,1,236.02,1,At Risk
13188.0,10,1,114.6,2,Low Value
13189.0,18,2,260.68,2,Low Value
13192.0,94,2,911.94,2,Low Value
13193.0,60,1,117.88,2,Low Value
13194.0,135,1,60.7,2,At Risk
13196.0,10,4,1797.78,2,Low Value
13198.0,9,6,3401.24,0,High Value
13200.0,18,4,870.09,2,Low Value
13203.0,9,4,869.46,2,Low Value
13207.0,14,2,250.26,2,Low Value
13208.0,58,6,1223.9,0,High Value
13209.0,29,8,5891.61,0,High Value
13210.0,93,1,353.48,2,Low Value
13211.0,9,3,1197.42,2,Low Value
13212.0,19,3,788.08,2,Low Value
13213.0,56,5,1520.58,0,Low Value
13216.0,267,1,333.74,1,At Risk
13217.0,121,3,533.98,2,At Risk
13218.0,126,1,62.64,2,At Risk
13220.0,77,4,819.2900000000001,2,Low Value
13221.0,239,2,847.41,1,At Risk
13223.0,199,2,163.2,1,At Risk
13224.0,59,2,2155.95,2,Low Value
13225.0,2,7,6463.84,3,High Value
13226.0,272,1,108.21,1,At Risk
13227.0,201,1,257.7,1,At Risk
13228.0,80,1,358.0,2,Low Value
13229.0,225,1,160.95,1,At Risk
13230.0,3,14,2806.97,0,High Value
13232.0,12,7,1357.6,0,High Value
13233.0,73,2,605.12,2,Low Value
13235.0,211,1,1031.07,1,At Risk
13236.0,24,2,744.85,2,Low Value
13238.0,16,4,700.73,2,Low Value
13239.0,261,1,329.56,1,At Risk
13240.0,95,4,663.65,2,Low Value
13242.0,111,3,270.40000000000003,2,At Risk
13243.0,202,1,600.07,1,At Risk
13244.0,92,1,121.74,2,Low Value
13245.0,50,1,430.5,2,Low Value
13246.0,17,6,1987.3,0,High Value
13247.0,17,4,501.12,2,Low Value
13248.0,124,2,465.68,2,At Risk
13249.0,91,3,711.41,2,Low Value
13253.0,156,2,1030.4,1,At Risk
13255.0,8,2,399.51,2,Low Value
13258.0,11,3,698.5799999999999,2,Low Value
13259.0,61,1,292.32,2,Low Value
13260.0,60,1,557.62,2,Low Value
13261.0,268,2,944.1,1,At Risk
13262.0,262,1,200.29,1,At Risk
13265.0,52,5,2107.66,0,Low Value
13266.0,10,12,3834.26,0,High Value
13267.0,2,19,4521.49,3,High Value
13268.0,17,11,3214.69,0,High Value
13269.0,0,15,5346.2300000000005,3,High Value
13270.0,365,1,590.0,1,At Risk
13271.0,36,1,217.38,2,Low Value
13272.0,30,2,276.56,2,Low Value
13273.0,112,1,138.98,2,At Risk
13276.0,63,2,590.9300000000001,2,Low Value
13277.0,15,4,258.4,2,Low Value
13278.0,40,1,542.73,2,Low Value
13279.0,77,1,137.75,2,Low Value
13280.0,121,3,814.86,2,At Risk
13282.0,17,3,1132.14,2,Low Value
13283.0,59,2,93.66,2,Low Value
13284.0,330,1,201.19,1,At Risk
13285.0,22,4,2709.12,0,Low Value
13291.0,155,1,361.11,1,At Risk
13292.0,38,2,578.94,2,Low Value
13294.0,189,2,873.74,1,At Risk
13295.0,359,1,201.2,1,At Risk
13296.0,136,1,87.4,2,At Risk
13297.0,7,4,2089.85,0,Low Value
13298.0,0,1,360.0,2,Low Value
13299.0,267,1,142.5,1,At Risk
13300.0,168,1,371.89,1,At Risk
13301.0,103,4,618.09,2,At Risk
13302.0,154,1,63.75,1,At Risk
13304.0,350,1,300.42,1,At Risk
13305.0,3,10,2000.86,0,High Value
13307.0,119,1,15.0,2,At Risk
13308.0,22,3,1385.51,2,Low Value
13309.0,6,5,1456.79,0,Low Value
13310.0,27,3,1132.03,2,Low Value
13311.0,3,2,598.57,2,Low Value
13313.0,21,5,1555.3200000000002,0,Low Value
13314.0,1,3,775.94,2,Low Value
13316.0,36,4,5977.73,0,Low Value
13317.0,65,6,2273.68,0,High Value
13318.0,0,3,640.76,2,Low Value
13320.0,77,4,1548.7,2,Low Value
13321.0,71,2,567.36,2,Low Value
13322.0,16,1,199.48,2,Low Value
13323.0,2,5,787.85,2,Low Value
13324.0,35,10,7121.95,3,High Value
13325.0,81,1,675.3,2,Low Value
13327.0,38,8,3627.77,0,High Value
13328.0,315,1,1308.48,1,At Risk
13329.0,31,2,789.0,2,Low Value
13330.0,92,3,1140.93,2,Low Value
13332.0,13,1,350.90000000000003,2,Low Value
13334.0,81,3,3536.82,0,Low Value
13336.0,76,1,795.12,2,Low Value
13338.0,157,1,487.02,1,At Risk
13339.0,200,1,860.12,1,At Risk
13340.0,44,7,10736.48,3,High Value
13341.0,260,1,775.85,1,At Risk
13343.0,177,1,353.43,1,At Risk
13344.0,67,3,2543.7200000000003,2,Low Value
13345.0,287,1,389.5,1,At Risk
13347.0,69,1,341.36,2,Low Value
13348.0,63,1,233.76,2,Low Value
13349.0,10,1,247.32,2,Low Value
13350.0,15,2,979.12,2,Low Value
13351.0,65,1,373.94,2,Low Value
13352.0,59,1,397.98,2,Low Value
13354.0,70,1,743.53,2,Low Value
13355.0,121,1,674.7,2,At Risk
13356.0,79,1,768.24,2,Low Value
13357.0,256,1,609.95,1,At Risk
13358.0,268,1,439.03,1,At Risk
13359.0,63,1,439.56,2,Low Value
13362.0,8,4,3090.74,0,Low Value
13363.0,17,2,992.5,2,Low Value
13364.0,70,1,134.96,2,Low Value
13365.0,33,2,2225.37,2,Low Value
13366.0,49,1,56.16,2,Low Value
13368.0,256,2,623.4,1,At Risk
13369.0,365,1,308.28000000000003,1,At Risk
13370.0,371,1,754.87,1,At Risk
13372.0,89,1,378.64,2,Low Value
13373.0,60,3,3312.25,0,Low Value
13375.0,88,1,778.65,2,Low Value
13376.0,98,3,1019.76,2,Low Value
13379.0,25,3,572.56,2,Low Value
13381.0,31,6,3639.31,0,High Value
13382.0,280,1,222.99,1,At Risk
13384.0,30,7,4151.93,0,High Value
13385.0,329,1,534.57,1,At Risk
13388.0,130,2,677.1,2,At Risk
13389.0,10,3,797.96,2,Low Value
13390.0,74,1,544.08,2,Low Value
13391.0,203,1,59.8,1,At Risk
13394.0,1,8,2520.02,0,High Value
13395.0,184,1,307.72,1,At Risk
13396.0,28,2,1360.99,2,Low Value
13397.0,72,5,1544.13,0,Low Value
13398.0,191,1,457.34,1,At Risk
13402.0,126,2,621.23,2,At Risk
13403.0,17,1,75.0,2,Low Value
13404.0,0,2,252.49,2,Low Value
13405.0,73,3,572.451,2,Low Value
13410.0,23,5,1003.06,2,Low Value
13411.0,106,1,213.55,2,At Risk
13414.0,133,3,1390.5,2,At Risk
13416.0,43,2,712.5,2,Low Value
13417.0,4,2,640.83,2,Low Value
13418.0,11,18,6127.43,3,High Value
13419.0,63,1,221.06,2,Low Value
13420.0,149,2,159.85,2,At Risk
13421.0,39,2,1851.08,2,Low Value
13422.0,63,1,2626.3,2,Low Value
13425.0,107,3,1624.21,2,At Risk
13426.0,0,10,3641.32,0,High Value
13427.0,18,3,582.6,2,Low Value
13428.0,9,1,218.47,2,Low Value
13429.0,10,4,1006.8,2,Low Value
13430.0,18,2,679.45,2,Low Value
13431.0,66,2,1269.1,2,Low Value
13434.0,73,2,534.24,2,Low Value
13435.0,4,7,3809.89,0,High Value
13436.0,1,1,196.89,2,Low Value
13437.0,13,7,3408.06,0,High Value
13439.0,254,1,283.71,1,At Risk
13441.0,91,1,296.64,2,Low Value
13447.0,22,3,1129.14,2,Low Value
13448.0,16,6,3539.3700000000003,0,High Value
13449.0,23,1,291.88,2,Low Value
13450.0,26,6,2043.72,0,High Value
13451.0,25,5,2976.15,0,Low Value
13452.0,258,2,590.0,1,At Risk
13453.0,165,2,356.98,1,At Risk
13455.0,24,2,1058.34,2,Low Value
13456.0,17,6,1766.72,0,High Value
13458.0,6,14,9646.57,3,High Value
13460.0,28,2,183.44,2,Low Value
13461.0,38,3,1445.0,2,Low Value
13462.0,252,1,151.5,1,At Risk
13464.0,57,1,674.68,2,Low Value
13466.0,183,1,307.90000000000003,1,At Risk
13467.0,10,2,1083.71,2,Low Value
13470.0,98,2,165.0,2,Low Value
13471.0,0,4,2531.58,0,Low Value
13473.0,60,2,422.64,2,Low Value
13474.0,235,1,229.59,1,At Risk
13475.0,190,4,1431.78,1,At Risk
13476.0,178,2,1238.47,1,At Risk
13477.0,37,6,1454.58,0,High Value
13479.0,200,2,300.95,1,At Risk
13481.0,45,5,1804.56,0,Low Value
13482.0,231,1,184.64,1,At Risk
13483.0,65,1,140.34,2,Low Value
13484.0,240,1,313.8,1,At Risk
13485.0,232,1,454.24,1,At Risk
13486.0,77,3,1122.41,2,Low Value
13487.0,57,3,575.4,2,Low Value
13488.0,16,13,8968.31,3,High Value
13489.0,104,4,449.52,2,At Risk
13491.0,51,10,1215.82,0,High Value
13492.0,135,3,1269.84,2,At Risk
13493.0,274,2,618.63,1,At Risk
13494.0,311,1,316.26000000000005,1,At Risk
13495.0,7,5,2044.87,0,Low Value
13496.0,10,2,653.33,2,Low Value
13497.0,282,2,348.05,1,At Risk
13499.0,17,5,1159.11,2,Low Value
13500.0,22,3,1166.77,2,Low Value
13501.0,287,1,1340.32,1,At Risk
13502.0,16,3,292.0,2,Low Value
13503.0,70,1,216.85,2,Low Value
13504.0,63,1,295.93,2,Low Value
13505.0,72,4,4393.63,0,Low Value
13506.0,315,2,458.52,1,At Risk
13507.0,2,4,2479.16,0,Low Value
13508.0,243,1,110.97,1,At Risk
13509.0,8,7,979.72,0,Loyal
13510.0,0,4,1791.56,2,Low Value
13512.0,260,1,251.21,1,At Risk
13513.0,126,1,205.1,2,At Risk
13514.0,73,1,152.20000000000002,2,Low Value
13515.0,72,4,891.12,2,Low Value
13516.0,20,3,1389.41,2,Low Value
13517.0,59,3,2128.42,2,Low Value
13518.0,85,1,659.44,2,Low Value
13519.0,77,1,122.75,2,Low Value
13520.0,58,6,3624.35,0,High Value
13521.0,0,3,1093.65,2,Low Value
13522.0,29,1,125.8,2,Low Value
13523.0,32,5,3964.88,0,Low Value
13524.0,40,5,680.1800000000001,2,Low Value
13525.0,14,2,628.78,2,Low Value
13527.0,33,7,2287.51,0,High Value
13529.0,78,2,307.76,2,Low Value
13531.0,204,2,483.8,1,At Risk
13532.0,33,1,210.31,2,Low Value
13533.0,182,3,270.79,1,At Risk
13536.0,0,7,3448.29,0,High Value
13538.0,42,7,1280.85,0,High Value
13539.0,85,3,631.34,2,Low Value
13544.0,39,2,291.41,2,Low Value
13546.0,11,3,626.99,2,Low Value
13548.0,95,2,682.41,2,Low Value
13549.0,25,7,918.2,0,Loyal
13551.0,318,1,91.8,1,At Risk
13552.0,65,12,3740.07,0,High Value
13555.0,73,4,4149.28,0,Low Value
13557.0,27,2,584.0600000000001,2,Low Value
13558.0,5,4,605.06,2,Low Value
13560.0,6,1,174.37,2,Low Value
13561.0,215,1,141.86,1,At Risk
13562.0,81,3,1799.3300000000002,2,Low Value
13563.0,83,2,777.53,2,Low Value
13564.0,143,3,1749.02,2,At Risk
13565.0,18,2,240.22,2,Low Value
13566.0,40,2,874.71,2,Low Value
13568.0,172,1,192.85,1,At Risk
13569.0,16,2,373.75,2,Low Value
13570.0,242,1,239.49,1,At Risk
13571.0,12,12,2092.32,0,High Value
13572.0,205,1,1384.25,1,At Risk
13573.0,49,2,294.40000000000003,2,Low Value
13575.0,22,5,732.07,2,Low Value
13576.0,9,18,6717.34,3,High Value
13577.0,24,4,1687.6,2,Low Value
13579.0,14,2,467.04,2,Low Value
13581.0,308,1,118.0,1,At Risk
13583.0,155,1,781.03,1,At Risk
13584.0,306,1,142.4,1,At Risk
13587.0,63,1,712.4,2,Low Value
13588.0,15,9,2478.95,0,High Value
13589.0,14,2,379.65,2,Low Value
13590.0,10,6,1981.92,0,High Value
13591.0,64,3,1117.13,2,Low Value
13592.0,35,4,247.96,2,Low Value
13593.0,107,5,2037.08,0,At Risk
13594.0,52,1,396.97,2,Low Value
13596.0,5,2,697.04,2,Low Value
13598.0,46,1,180.17,2,Low Value
13599.0,0,21,5153.67,3,High Value
13600.0,311,1,219.52,1,At Risk
13601.0,44,2,693.32,2,Low Value
13602.0,64,1,428.89,2,Low Value
13603.0,25,1,164.34,2,Low Value
13606.0,28,3,280.54,2,Low Value
13607.0,39,1,678.01,2,Low Value
13610.0,11,7,1131.88,0,High Value
13611.0,88,3,1171.8,2,Low Value
13614.0,23,4,1610.46,2,Low Value
13615.0,318,1,417.69,1,At Risk
13617.0,39,3,544.18,2,Low Value
13618.0,173,1,177.34,1,At Risk
13621.0,116,1,213.85,2,At Risk
13623.0,30,5,747.78,2,Low Value
13626.0,252,1,257.23,1,At Risk
13627.0,58,5,1638.47,0,Low Value
13629.0,22,11,7792.36,3,High Value
13630.0,4,7,2031.78,0,High Value
13631.0,99,11,3070.42,0,High Value
13632.0,24,5,2121.27,0,Low Value
13634.0,32,5,1575.16,0,Low Value
13635.0,67,1,1071.03,2,Low Value
13636.0,36,5,949.12,2,Low Value
13637.0,51,3,810.5,2,Low Value
13638.0,15,1,122.64,2,Low Value
13639.0,73,1,1033.34,2,Low Value
13642.0,215,1,354.8,1,At Risk
13643.0,30,3,519.44,2,Low Value
13644.0,15,4,2624.26,0,Low Value
13645.0,119,1,252.1,2,At Risk
13647.0,9,4,1678.12,2,Low Value
13649.0,256,2,346.6,1,At Risk
13650.0,16,6,1836.34,0,High Value
13651.0,34,2,94.2,2,Low Value
13652.0,45,3,1095.08,2,Low Value
13654.0,42,6,2707.33,0,High Value
13655.0,113,2,932.97,2,At Risk
13656.0,164,2,379.65,1,At Risk
13657.0,10,2,382.14,2,Low Value
13658.0,9,5,2639.17,0,Low Value
13659.0,205,2,1573.2,1,At Risk
13662.0,85,3,897.76,2,Low Value
13663.0,178,1,189.47,1,At Risk
13666.0,59,3,84.65,2,Low Value
13667.0,148,1,305.02,2,At Risk
13668.0,2,21,6363.59,3,High Value
13669.0,50,2,218.55,2,Low Value
13670.0,74,1,349.7,2,Low Value
13672.0,300,2,186.39,1,At Risk
13673.0,18,2,396.92,2,Low Value
13675.0,150,2,486.8200000000001,2,At Risk
13678.0,151,1,232.6,1,At Risk
13680.0,0,4,3722.42,0,Low Value
13681.0,17,4,827.83,2,Low Value
13682.0,186,1,59.5,1,At Risk
13684.0,285,1,67.23,1,At Risk
13685.0,2,7,3119.44,0,High Value
13686.0,182,1,72.0,1,At Risk
13689.0,62,1,910.0,2,Low Value
13690.0,58,1,172.25,2,Low Value
13692.0,24,3,1488.32,2,Low Value
13695.0,30,15,2504.13,0,High Value
13697.0,38,1,151.3,2,Low Value
13699.0,154,1,308.58000000000004,1,At Risk
13700.0,25,10,2265.12,0,High Value
13703.0,317,1,99.5,1,At Risk
13704.0,4,9,2308.06,0,High Value
13705.0,7,3,711.86,2,Low Value
13706.0,302,1,330.79,1,At Risk
13707.0,266,2,806.41,1,At Risk
13708.0,270,1,296.88,1,At Risk
13709.0,3,13,6328.05,3,High Value
13710.0,31,1,180.48,2,Low Value
13711.0,218,2,252.06,1,At Risk
13712.0,246,1,228.84,1,At Risk
13715.0,280,5,1079.34,1,At Risk
13716.0,268,1,138.28,1,At Risk
13717.0,31,6,1445.01,0,High Value
13718.0,245,2,306.55,1,At Risk
13719.0,14,5,1041.68,2,Low Value
13720.0,116,4,799.9,2,At Risk
13721.0,35,1,524.14,2,Low Value
13722.0,131,3,2375.41,2,At Risk
13723.0,216,1,199.85,1,At Risk
13725.0,49,8,1980.56,0,High Value
13726.0,38,2,1079.66,2,Low Value
13727.0,28,2,333.48,2,Low Value
13728.0,36,6,1016.14,0,High Value
13730.0,135,2,752.6,2,At Risk
13731.0,218,2,610.59,1,At Risk
13732.0,27,1,491.86,2,Low Value
13735.0,24,4,2885.24,0,Low Value
13736.0,4,2,731.9,2,Low Value
13737.0,199,1,339.6,1,At Risk
13739.0,17,1,216.9,2,Low Value
13740.0,240,1,350.75,1,At Risk
13741.0,71,3,668.4300000000001,2,Low Value
13742.0,16,12,3131.02,0,High Value
13743.0,2,7,1341.6,0,High Value
13744.0,94,2,1156.36,2,Low Value
13745.0,161,1,300.04,1,At Risk
13747.0,373,1,79.6,1,At Risk
13748.0,95,5,948.25,2,Low Value
13750.0,53,5,1647.26,0,Low Value
13751.0,287,1,296.25,1,At Risk
13752.0,123,6,1186.28,0,High Value
13753.0,287,1,741.26,1,At Risk
13754.0,151,2,282.6,1,At Risk
13755.0,3,9,2161.35,0,High Value
13756.0,1,14,5189.52,3,High Value
13758.0,11,7,3190.55,0,High Value
13759.0,32,2,659.4100000000001,2,Low Value
13760.0,53,2,286.79,2,Low Value
13761.0,49,2,1070.65,2,Low Value
13762.0,218,1,306.72,1,At Risk
13763.0,62,1,1714.96,2,Low Value
13764.0,70,3,1521.76,2,Low Value
13769.0,1,10,2796.51,0,High Value
13771.0,63,4,2634.45,0,Low Value
13772.0,33,3,1132.13,2,Low Value
13774.0,81,1,345.0,2,Low Value
13778.0,102,1,178.7,2,At Risk
13780.0,6,2,360.01,2,Low Value
13781.0,250,1,127.84,1,At Risk
13782.0,12,6,912.0,0,Loyal
13784.0,9,11,2462.79,0,High Value
13786.0,366,1,230.4,1,At Risk
13787.0,75,2,309.04,2,Low Value
13790.0,3,1,348.79999999999995,2,Low Value
13791.0,127,2,1516.0,2,At Risk
13792.0,65,2,195.55,2,Low Value
13799.0,116,2,688.86,2,At Risk
13800.0,309,1,558.32,1,At Risk
13801.0,66,1,324.8,2,Low Value
13802.0,138,3,4599.42,0,At Risk
13803.0,254,1,277.07,1,At Risk
13804.0,30,7,2635.79,0,High Value
13805.0,51,2,924.6,2,Low Value
13806.0,63,1,256.38,2,Low Value
13807.0,366,1,112.6,1,At Risk
13808.0,5,5,1747.66,0,Low Value
13809.0,304,1,155.05,1,At Risk
13810.0,28,3,1499.01,2,Low Value
13811.0,183,3,814.5,1,At Risk
13812.0,41,3,539.0,2,Low Value
13813.0,39,4,1366.86,2,Low Value
13814.0,91,2,1579.12,2,Low Value
13815.0,21,4,4027.36,0,Low Value
13816.0,23,2,571.6700000000001,2,Low Value
13817.0,28,2,382.98,2,Low Value
13819.0,301,3,1140.35,1,At Risk
13821.0,144,2,385.64,2,At Risk
13822.0,5,2,632.0,2,Low Value
13823.0,18,2,957.66,2,Low Value
13824.0,32,5,1698.94,0,Low Value
13826.0,175,1,189.5,1,At Risk
13827.0,57,3,412.05,2,Low Value
13828.0,21,1,209.49,2,Low Value
13831.0,15,6,2202.99,0,High Value
13832.0,18,1,52.2,2,Low Value
13833.0,158,1,384.8,1,At Risk
13835.0,24,4,834.57,2,Low Value
13837.0,211,2,271.24,1,At Risk
13838.0,5,4,691.73,2,Low Value
13841.0,252,1,85.0,1,At Risk
13842.0,58,9,3385.62,0,High Value
13844.0,10,1,361.62,2,Low Value
13845.0,64,1,312.98,2,Low Value
13846.0,24,3,865.0600000000001,2,Low Value
13848.0,91,3,1255.0,2,Low Value
13849.0,51,2,1537.95,2,Low Value
13850.0,128,1,1595.48,2,At Risk
13851.0,95,3,2651.46,2,Low Value
13853.0,56,1,1090.14,2,Low Value
13856.0,168,3,388.5,1,At Risk
13858.0,56,1,216.17,2,Low Value
13859.0,325,1,201.16,1,At Risk
13860.0,0,5,1245.9,0,Low Value
13862.0,17,8,2209.36,0,High Value
13863.0,247,1,305.78,1,At Risk
13865.0,57,4,501.56,2,Low Value
13866.0,73,1,145.67,2,Low Value
13867.0,30,3,1015.29,2,Low Value
13868.0,6,2,3192.54,2,Low Value
13869.0,122,4,3104.9500000000003,0,At Risk
13870.0,1,8,2770.94,0,High Value
13871.0,22,13,6403.25,3,High Value
13873.0,119,3,389.6,2,At Risk
13874.0,357,1,540.45,1,At Risk
13875.0,53,5,1786.79,0,Low Value
13876.0,63,1,122.7,2,Low Value
13877.0,85,1,117.24,2,Low Value
13878.0,54,1,1281.53,2,Low Value
13880.0,20,13,3219.77,0,High Value
13881.0,3,20,17159.52,3,High Value
13882.0,2,5,1191.13,2,Low Value
13883.0,10,5,2674.48,0,Low Value
13884.0,6,5,787.6,2,Low Value
13885.0,188,2,506.8,1,At Risk
13886.0,70,1,243.56,2,Low Value
13887.0,203,1,349.55,1,At Risk
13888.0,119,2,605.63,2,At Risk
13889.0,92,1,416.9,2,Low Value
13890.0,0,10,1883.81,0,High Value
13892.0,26,4,632.97,2,Low Value
13893.0,297,1,821.1,1,At Risk
13894.0,23,3,564.62,2,Low Value
13895.0,27,4,2593.07,0,Low Value
13897.0,49,1,311.16,2,Low Value
13898.0,325,1,155.93,1,At Risk
13899.0,15,2,388.52,2,Low Value
13900.0,182,3,740.95,1,At Risk
13901.0,71,5,2867.2000000000003,0,Low Value
13904.0,36,2,332.64,2,Low Value
13908.0,79,4,2369.55,0,Low Value
13911.0,56,9,2580.91,0,High Value
13914.0,11,2,626.45,2,Low Value
13917.0,49,2,272.04,2,Low Value
13918.0,49,2,1212.84,2,Low Value
13919.0,58,2,384.81,2,Low Value
13922.0,351,1,172.25,1,At Risk
13923.0,53,1,351.13,2,Low Value
13924.0,1,6,1838.85,0,High Value
13925.0,92,4,678.25,2,Low Value
13926.0,22,1,223.85,2,Low Value
13927.0,74,1,348.99,2,Low Value
13928.0,10,4,464.57,2,Low Value
13929.0,168,2,842.65,1,At Risk
13930.0,57,2,337.34,2,Low Value
13931.0,95,2,1237.53,2,Low Value
13932.0,294,1,307.4,1,At Risk
13933.0,108,2,608.79,2,At Risk
13934.0,263,1,922.1,1,At Risk
13936.0,179,1,376.58,1,At Risk
13937.0,168,1,158.85,1,At Risk
13938.0,34,1,71.66,2,Low Value
13939.0,22,3,568.55,2,Low Value
13940.0,16,4,839.14,2,Low Value
13941.0,21,5,5112.96,0,Low Value
13946.0,78,3,561.57,2,Low Value
13947.0,64,1,90.6,2,Low Value
13948.0,360,1,102.0,1,At Risk
13949.0,2,6,2427.32,0,High Value
13950.0,10,4,745.0600000000001,2,Low Value
13951.0,175,3,674.45,1,At Risk
13952.0,217,2,3251.071,1,At Risk
13953.0,6,7,3515.68,0,High Value
13954.0,1,2,439.92,2,Low Value
13955.0,153,2,322.96,1,At Risk
13956.0,4,5,1026.42,2,Low Value
13959.0,78,3,598.2,2,Low Value
13960.0,20,2,230.22,2,Low Value
13962.0,21,2,169.54999999999998,2,Low Value
13963.0,307,4,664.54,1,At Risk
13967.0,145,1,80.7,2,At Risk
13969.0,6,18,9053.94,3,High Value
13971.0,18,8,2758.26,0,High Value
13972.0,70,2,190.25,2,Low Value
13973.0,286,1,264.7,1,At Risk
13974.0,48,1,413.59,2,Low Value
13975.0,30,6,2526.28,0,High Value
13976.0,206,1,357.98,1,At Risk
13978.0,14,2,196.79,2,Low Value
13979.0,72,1,869.87,2,Low Value
13980.0,59,1,200.14,2,Low Value
13982.0,38,4,1871.81,2,Low Value
13983.0,29,12,2603.43,0,High Value
13984.0,26,5,920.51,2,Low Value
13985.0,3,15,7060.13,3,High Value
13986.0,16,1,320.46,2,Low Value
13988.0,19,6,4147.96,0,High Value
13989.0,65,2,1266.08,2,Low Value
13990.0,212,1,311.3,1,At Risk
13991.0,11,6,855.97,0,Loyal
13992.0,29,1,76.8,2,Low Value
13993.0,42,9,3466.36,0,High Value
13994.0,3,6,2313.14,0,High Value
13995.0,14,5,1393.69,0,Low Value
13999.0,9,12,3901.81,0,High Value
14000.0,210,1,635.66,1,At Risk
14001.0,45,3,2043.08,2,Low Value
14002.0,133,2,529.73,2,At Risk
14004.0,42,7,4582.64,0,High Value
14005.0,9,5,2874.72,0,Low Value
14006.0,115,3,962.19,2,At Risk
14009.0,197,2,695.61,1,At Risk
14012.0,277,1,328.8,1,At Risk
14013.0,109,3,473.02,2,At Risk
14014.0,76,1,505.18,2,Low Value
14015.0,52,1,917.34,2,Low Value
14016.0,161,4,4341.21,0,At Risk
14019.0,46,3,1421.61,2,Low Value
14020.0,16,2,642.8,2,Low Value
14021.0,154,3,631.9,2,At Risk
14022.0,224,1,440.0,1,At Risk
14023.0,6,2,584.07,2,Low Value
14024.0,121,2,327.7,2,At Risk
14027.0,60,1,104.82,2,Low Value
14029.0,62,2,467.66,2,Low Value
14030.0,17,8,2360.09,0,High Value
14031.0,6,19,17286.86,3,High Value
14032.0,1,11,2975.59,0,High Value
14034.0,21,3,651.8199999999999,2,Low Value
14035.0,28,5,1428.02,0,Low Value
14036.0,284,1,626.65,1,At Risk
14037.0,175,2,147.20000000000002,1,At Risk
14038.0,77,3,1560.38,2,Low Value
14039.0,32,1,152.2,2,Low Value
14040.0,40,12,3614.92,0,High Value
14041.0,265,1,141.41,1,At Risk
14044.0,26,4,652.82,2,Low Value
14045.0,108,4,1659.75,2,At Risk
14046.0,283,1,154.99,1,At Risk
14047.0,8,5,1308.61,0,Low Value
14048.0,304,1,409.93,1,At Risk
14049.0,16,4,5681.72,0,Low Value
14050.0,31,2,746.36,2,Low Value
14051.0,0,23,15610.39,3,High Value
14052.0,19,1,225.36,2,Low Value
14053.0,123,2,260.25,2,At Risk
14054.0,64,1,92.46,2,Low Value
14055.0,105,1,725.6400000000001,2,At Risk
14056.0,0,23,8214.65,3,High Value
14057.0,23,17,6217.96,3,High Value
14059.0,266,1,183.6,1,At Risk
14060.0,4,19,6140.42,3,High Value
14062.0,9,12,10464.85,3,High Value
14064.0,28,5,1353.74,0,Low Value
14066.0,266,1,152.55,1,At Risk
14067.0,63,2,374.7,2,Low Value
14068.0,319,1,265.85,1,At Risk
14071.0,3,8,1438.82,0,High Value
14073.0,31,1,151.04,2,Low Value
14075.0,4,3,942.26,2,Low Value
14076.0,128,1,122.47,2,At Risk
14077.0,40,5,499.42,2,Low Value
14078.0,101,6,1049.37,0,High Value
14079.0,124,1,375.1,2,At Risk
14080.0,32,1,45.6,2,Low Value
14081.0,301,2,934.52,1,At Risk
14082.0,364,1,182.25,1,At Risk
14083.0,3,9,1018.43,0,High Value
14085.0,1,18,4448.54,3,High Value
14087.0,2,1,194.42,2,Low Value
14089.0,56,1,161.0,2,Low Value
14090.0,324,1,76.32000000000001,1,At Risk
14092.0,7,14,4076.91,3,High Value
14093.0,11,1,442.85,2,Low Value
14098.0,36,1,147.35,2,Low Value
14099.0,15,11,3104.17,0,High Value
14100.0,137,1,194.9,2,At Risk
14101.0,73,6,5976.79,0,High Value
14102.0,4,5,1360.28,0,Low Value
14104.0,154,2,216.21,1,At Risk
14105.0,238,1,1266.23,1,At Risk
14107.0,51,7,2703.23,0,High Value
14108.0,30,2,597.91,2,Low Value
14109.0,72,1,144.2,2,Low Value
14110.0,3,12,5683.15,3,High Value
14111.0,13,4,692.85,2,Low Value
14112.0,22,7,2915.15,0,High Value
14113.0,3,4,1840.42,2,Low Value
14114.0,273,2,386.53,1,At Risk
14116.0,19,5,1382.74,0,Low Value
14117.0,143,1,90.0,2,At Risk
14121.0,3,4,2780.15,0,Low Value
14124.0,83,1,419.58,2,Low Value
14125.0,10,3,2740.43,0,Low Value
14126.0,7,3,706.1300000000001,2,Low Value
14127.0,122,3,709.71,2,At Risk
14128.0,60,2,637.5,2,Low Value
14129.0,1,5,1123.86,2,Low Value
14130.0,318,1,483.86,1,At Risk
14132.0,1,11,3586.03,0,High Value
14133.0,129,3,605.64,2,At Risk
14135.0,1,15,4690.31,3,High Value
14138.0,1,2,982.38,2,Low Value
14139.0,45,1,415.82,2,Low Value
14140.0,3,2,935.05,2,Low Value
14141.0,2,4,915.13,2,Low Value
14142.0,372,1,311.81,1,At Risk
14143.0,133,1,115.8,2,At Risk
14145.0,46,4,3742.2,0,Low Value
14146.0,8,5,4191.0,0,Low Value
14147.0,77,2,483.4,2,Low Value
14148.0,233,1,157.2,1,At Risk
14149.0,220,1,446.62,1,At Risk
14150.0,35,2,658.64,2,Low Value
14152.0,74,2,621.29,2,Low Value
14154.0,238,2,1345.62,1,At Risk
14155.0,265,1,118.75,1,At Risk
14157.0,19,2,432.88,2,Low Value
14158.0,39,1,507.66,2,Low Value
14159.0,19,11,4693.01,0,High Value
14161.0,215,3,1110.52,1,At Risk
14162.0,173,2,289.36,1,At Risk
14163.0,86,4,2445.91,0,Low Value
14164.0,70,2,1631.77,2,Low Value
14165.0,275,1,122.54,1,At Risk
14167.0,38,4,574.84,2,Low Value
14171.0,97,1,363.79,2,Low Value
14173.0,10,4,450.84,2,Low Value
14174.0,32,1,134.46,2,Low Value
14175.0,59,3,3222.3,0,Low Value
14176.0,296,4,576.9000000000001,1,At Risk
14177.0,85,4,559.41,2,Low Value
14178.0,8,7,1620.93,0,High Value
14179.0,40,2,719.78,2,Low Value
14184.0,66,1,452.89,2,Low Value
14185.0,330,1,197.65,1,At Risk
14188.0,30,6,2054.36,0,High Value
14189.0,1,15,4654.08,3,High Value
14191.0,1,13,4684.76,3,High Value
14193.0,67,2,853.39,2,Low Value
14194.0,4,21,11349.52,3,High Value
14195.0,201,2,1012.0,1,At Risk
14196.0,106,1,335.52,2,At Risk
14198.0,17,4,701.4,2,Low Value
14199.0,217,1,185.4,1,At Risk
14201.0,59,7,747.44,0,Loyal
14204.0,1,1,161.03,2,Low Value
14205.0,16,2,466.7,2,Low Value
14206.0,238,1,328.16,1,At Risk
14208.0,94,1,151.74,2,Low Value
14209.0,10,6,2073.43,0,High Value
14210.0,105,6,1905.84,0,High Value
14211.0,52,9,2241.1,0,High Value
14212.0,89,1,1070.48,2,Low Value
14214.0,30,5,1004.38,2,Low Value
14215.0,11,6,1789.72,0,High Value
14216.0,2,4,1839.3,2,Low Value
14217.0,1,17,2004.98,0,High Value
14218.0,42,1,169.48000000000002,2,Low Value
14219.0,3,1,89.94,2,Low Value
14220.0,246,2,632.4000000000001,1,At Risk
14221.0,41,9,3432.8,0,High Value
14222.0,176,1,683.17,1,At Risk
14223.0,91,3,991.13,2,Low Value
14224.0,109,4,1050.12,2,At Risk
14226.0,28,5,2232.19,0,Low Value
14227.0,25,10,3350.96,0,High Value
14229.0,51,3,1547.2,2,Low Value
14231.0,183,3,925.71,1,At Risk
14232.0,42,5,2048.07,0,Low Value
14233.0,48,4,1462.72,2,Low Value
14234.0,21,4,775.46,2,Low Value
14235.0,74,5,3144.86,0,Low Value
14236.0,80,2,490.86,2,Low Value
14237.0,372,1,161.0,1,At Risk
14238.0,325,1,146.85,1,At Risk
14239.0,42,11,2380.85,0,High Value
14240.0,29,2,890.34,2,Low Value
14241.0,183,1,213.7,1,At Risk
14242.0,234,2,280.55,1,At Risk
14243.0,8,10,2588.77,0,High Value
14245.0,219,2,1693.45,1,At Risk
14246.0,110,3,1474.06,2,At Risk
14247.0,277,1,136.77,1,At Risk
14248.0,317,1,302.58,1,At Risk
14250.0,6,3,1904.05,2,Low Value
14251.0,1,5,2879.7000000000003,0,Low Value
14256.0,259,2,969.06,1,At Risk
14257.0,63,5,3099.7200000000003,0,Low Value
14258.0,8,9,12669.98,3,High Value
14259.0,141,1,120.0,2,At Risk
14261.0,50,2,1163.45,2,Low Value
14262.0,7,8,2618.23,0,High Value
14264.0,154,2,333.97,1,At Risk
14265.0,108,2,530.18,2,At Risk
14267.0,162,3,1516.24,1,At Risk
14270.0,331,1,492.65,1,At Risk
14271.0,225,1,112.32,1,At Risk
14272.0,73,2,437.96,2,Low Value
14273.0,50,4,559.97,2,Low Value
14276.0,98,3,1119.74,2,Low Value
14277.0,14,3,4216.2,0,Low Value
14280.0,196,1,134.04,1,At Risk
14282.0,2,15,3729.34,3,High Value
14284.0,30,2,595.25,2,Low Value
14285.0,20,4,1910.01,2,Low Value
14286.0,23,3,4628.75,0,Low Value
14287.0,7,3,176.63,2,Low Value
14288.0,212,1,426.6,1,At Risk
14289.0,8,6,911.26,0,Loyal
14290.0,10,5,2314.65,0,Low Value
14291.0,1,11,3883.25,0,High Value
14292.0,7,9,4871.93,0,High Value
14293.0,2,4,1046.56,2,Low Value
14295.0,39,1,166.20000000000002,2,Low Value
14297.0,17,4,1305.33,2,Low Value
14299.0,7,9,3965.62,0,High Value
14300.0,18,1,43.2,2,Low Value
14301.0,116,1,640.14,2,At Risk
14304.0,222,1,383.45,1,At Risk
14305.0,70,3,1858.96,2,Low Value
14306.0,50,2,2093.32,2,Low Value
14307.0,88,6,2995.7200000000003,0,High Value
14309.0,7,9,2352.53,0,High Value
14311.0,242,1,310.26,1,At Risk
14312.0,46,6,1611.59,0,High Value
14314.0,106,1,120.0,2,At Risk
14315.0,44,6,2481.13,0,High Value
14317.0,64,1,508.58,2,Low Value
14320.0,206,2,477.79,1,At Risk
14321.0,10,5,1530.75,0,Low Value
14323.0,114,2,605.0600000000001,2,At Risk
14326.0,241,1,183.85,1,At Risk
14327.0,162,1,311.65000000000003,1,At Risk
14329.0,16,7,5014.84,0,High Value
14331.0,123,2,462.66,2,At Risk
14332.0,22,3,866.3100000000001,2,Low Value
14333.0,67,1,415.2,2,Low Value
14334.0,16,8,2552.21,0,High Value
14335.0,15,2,468.26,2,Low Value
14336.0,16,4,1614.91,2,Low Value
14338.0,160,2,588.22,1,At Risk
14339.0,242,1,309.52000000000004,1,At Risk
14340.0,218,1,134.7,1,At Risk
14341.0,44,8,2182.28,0,High Value
14342.0,20,4,668.5600000000001,2,Low Value
14344.0,126,8,889.9300000000001,0,Loyal
14345.0,38,1,108.98,2,Low Value
14346.0,120,2,1021.58,2,At Risk
14348.0,259,1,409.57,1,At Risk
14349.0,9,1,133.5,2,Low Value
14350.0,273,1,282.93,1,At Risk
14351.0,164,1,51.0,1,At Risk
14352.0,156,4,1078.96,2,At Risk
14353.0,214,1,90.6,1,At Risk
14354.0,5,2,163.62,2,Low Value
14355.0,365,1,174.4,1,At Risk
14356.0,79,2,701.23,2,Low Value
14357.0,42,1,225.77,2,Low Value
14359.0,18,3,912.18,2,Low Value
14360.0,31,4,2128.23,0,Low Value
14362.0,21,1,161.2,2,Low Value
14364.0,108,8,3717.35,0,High Value
14367.0,7,16,9261.52,3,High Value
14368.0,319,1,155.0,1,At Risk
14371.0,294,1,100.5,1,At Risk
14373.0,357,1,76.55,1,At Risk
14375.0,184,1,257.68,1,At Risk
14377.0,190,2,617.05,1,At Risk
14379.0,43,2,348.1,2,Low Value
14381.0,51,1,202.68,2,Low Value
14382.0,25,1,626.07,2,Low Value
14383.0,37,3,1247.69,2,Low Value
14385.0,8,3,202.11,2,Low Value
14386.0,296,1,142.4,1,At Risk
14387.0,32,3,1770.56,2,Low Value
14388.0,9,8,3212.84,0,High Value
14389.0,64,2,1043.46,2,Low Value
14390.0,9,9,4652.82,0,High Value
14393.0,217,1,67.95,1,At Risk
14395.0,1,9,3507.71,0,High Value
14396.0,64,2,487.99,2,Low Value
14397.0,2,19,2612.96,3,High Value
14400.0,148,1,574.7,2,At Risk
14401.0,3,13,4051.48,3,High Value
14403.0,129,4,1475.81,2,At Risk
14404.0,33,6,1474.32,0,High Value
14406.0,118,1,156.75,2,At Risk
14407.0,106,6,2157.73,0,High Value
14408.0,10,7,2606.53,0,High Value
14409.0,70,6,2059.4500000000003,0,High Value
14410.0,91,9,1105.07,0,High Value
14411.0,310,1,1063.0,1,At Risk
14412.0,42,2,770.03,2,Low Value
14413.0,361,1,122.7,1,At Risk
14414.0,91,7,1496.98,0,High Value
14415.0,0,13,5900.28,3,High Value
14416.0,21,2,490.22,2,Low Value
14418.0,3,3,1937.25,2,Low Value
14419.0,10,6,1058.06,0,High Value
14420.0,98,1,387.52,2,Low Value
14421.0,56,2,813.11,2,Low Value
14422.0,0,6,4263.64,0,High Value
14423.0,217,1,265.2,1,At Risk
14424.0,17,1,322.08,2,Low Value
14426.0,23,10,4481.67,0,High Value
14427.0,49,2,363.34,2,Low Value
14428.0,6,5,1244.83,2,Low Value
14431.0,302,1,470.36,1,At Risk
14432.0,9,6,2255.51,0,High Value
14434.0,21,6,1372.8,0,High Value
14436.0,98,1,89.06,2,Low Value
14437.0,365,1,63.0,1,At Risk
14438.0,305,1,131.9,1,At Risk
14439.0,319,1,2661.24,1,At Risk
14440.0,7,5,2357.68,0,Low Value
14441.0,0,4,1712.89,2,Low Value
14442.0,204,2,1589.82,1,At Risk
14443.0,53,4,1420.2,2,Low Value
14446.0,0,4,1039.58,2,Low Value
14447.0,18,5,1163.23,2,Low Value
14448.0,8,2,375.35,2,Low Value
14449.0,18,4,907.1,2,Low Value
14450.0,180,3,483.25,1,At Risk
14451.0,59,2,662.59,2,Low Value
14452.0,10,2,264.44,2,Low Value
14453.0,189,1,119.93,1,At Risk
14456.0,4,9,3062.4,0,High Value
14457.0,310,1,113.64,1,At Risk
14459.0,154,1,1837.92,1,At Risk
14460.0,109,3,434.34,2,At Risk
14461.0,147,3,2103.06,2,At Risk
14462.0,65,11,2004.02,0,High Value
14463.0,97,3,529.62,2,Low Value
14465.0,246,3,1058.62,1,At Risk
14466.0,28,7,2272.4,0,High Value
14467.0,17,4,598.76,2,Low Value
14470.0,11,2,461.19,2,Low Value
14472.0,103,8,1936.84,0,High Value
14473.0,73,2,234.34,2,Low Value
14474.0,45,1,547.66,2,Low Value
14475.0,71,3,925.85,2,Low Value
14476.0,256,1,215.7,1,At Risk
14477.0,19,4,1309.6,2,Low Value
14479.0,253,2,316.25,1,At Risk
14480.0,10,1,279.05,2,Low Value
14481.0,164,2,636.51,1,At Risk
14482.0,17,6,2068.15,0,High Value
14483.0,281,1,137.1,1,At Risk
14484.0,49,1,321.92,2,Low Value
14485.0,38,1,165.75,2,Low Value
14487.0,26,6,1196.33,0,High Value
14488.0,67,1,1064.28,2,Low Value
14489.0,206,1,463.38,1,At Risk
14491.0,174,2,340.93,1,At Risk
14493.0,6,5,2383.24,0,Low Value
14494.0,25,1,139.56,2,Low Value
14495.0,50,2,123.8,2,Low Value
14496.0,311,2,538.8100000000001,1,At Risk
14497.0,308,1,475.37,1,At Risk
14498.0,42,5,1957.32,0,Low Value
14499.0,25,3,815.32,2,Low Value
14500.0,87,3,356.85,2,Low Value
14501.0,183,2,251.21,1,At Risk
14502.0,19,11,2470.67,0,High Value
14503.0,2,6,3543.26,0,High Value
14504.0,46,4,673.26,2,Low Value
14505.0,16,8,5905.64,0,High Value
14506.0,16,5,2012.17,0,Low Value
14507.0,23,6,1383.18,0,High Value
14508.0,21,2,276.42,2,Low Value
14511.0,10,5,1314.81,0,Low Value
14512.0,187,2,275.28,1,At Risk
14513.0,100,3,455.59,2,Low Value
14514.0,60,3,1055.35,2,Low Value
14515.0,17,6,2102.09,0,High Value
14517.0,32,2,330.45,2,Low Value
14518.0,63,1,174.37,2,Low Value
14520.0,1,2,270.6,2,Low Value
14522.0,23,4,974.54,2,Low Value
14523.0,107,1,241.09,2,At Risk
14524.0,31,9,1867.68,0,High Value
14525.0,19,9,4332.2,0,High Value
14528.0,36,1,364.22,2,Low Value
14529.0,59,3,620.04,2,Low Value
14530.0,25,6,2925.91,0,High Value
14532.0,235,4,932.85,1,At Risk
14533.0,24,7,1949.72,0,High Value
14534.0,2,18,4447.05,3,High Value
14535.0,59,3,2864.19,0,Low Value
14536.0,259,1,171.8,1,At Risk
14537.0,57,1,355.56,2,Low Value
14538.0,64,2,388.25,2,Low Value
14539.0,15,2,537.48,2,Low Value
14540.0,9,3,996.26,2,Low Value
14541.0,58,8,1461.65,0,High Value
14542.0,185,1,103.25,1,At Risk
14543.0,28,16,3630.33,3,High Value
14544.0,23,2,2024.45,2,Low Value
14546.0,4,5,2578.09,0,Low Value
14547.0,3,8,4007.54,0,High Value
14548.0,150,2,652.8,2,At Risk
14549.0,310,1,289.24,1,At Risk
14550.0,10,2,765.62,2,Low Value
14551.0,17,2,186.23,2,Low Value
14552.0,151,1,165.07,1,At Risk
14553.0,18,5,859.27,2,Low Value
14554.0,9,4,2381.04,0,Low Value
14555.0,56,2,324.14,2,Low Value
14557.0,84,1,788.38,2,Low Value
14560.0,6,22,2237.77,3,High Value
14561.0,75,3,1080.76,2,Low Value
14562.0,3,18,5074.77,3,High Value
14565.0,95,4,3099.12,0,Low Value
14566.0,110,1,1432.0,2,At Risk
14567.0,56,2,1530.36,2,Low Value
14569.0,0,1,227.39,2,Low Value
14570.0,280,2,218.06,1,At Risk
14572.0,2,7,2832.84,0,High Value
14573.0,179,9,1653.42,0,High Value
14576.0,371,1,35.400000000000006,1,At Risk
14577.0,12,4,859.71,2,Low Value
14578.0,2,1,168.63,2,Low Value
14581.0,16,1,138.6,2,Low Value
14582.0,40,1,114.11,2,Low Value
14583.0,5,5,1052.55,2,Low Value
14584.0,168,4,1042.26,1,At Risk
14585.0,49,1,157.05,2,Low Value
14586.0,276,1,237.36,1,At Risk
14587.0,18,9,1601.14,0,High Value
14589.0,371,1,39.75,1,At Risk
14591.0,14,4,1447.14,2,Low Value
14592.0,34,3,570.46,2,Low Value
14593.0,21,3,617.99,2,Low Value
14594.0,6,2,379.83,2,Low Value
14595.0,19,6,1740.6,0,High Value
14597.0,10,2,883.15,2,Low Value
14598.0,43,1,221.97,2,Low Value
14600.0,305,1,393.33,1,At Risk
14601.0,10,1,213.96,2,Low Value
14603.0,274,1,660.0,1,At Risk
14607.0,15,14,16569.5,3,High Value
14608.0,3,4,1785.15,2,Low Value
14609.0,71,4,601.56,2,Low Value
14616.0,242,3,406.08,1,At Risk
14618.0,8,3,553.44,2,Low Value
14619.0,245,1,394.44,1,At Risk
14620.0,205,2,412.78,1,At Risk
14621.0,0,5,1788.36,0,Low Value
14622.0,184,1,320.58000000000004,1,At Risk
14623.0,31,5,889.25,2,Low Value
14624.0,56,2,225.85,2,Low Value
14625.0,195,2,899.63,1,At Risk
14626.0,23,4,2791.27,0,Low Value
14628.0,90,2,671.96,2,Low Value
14629.0,3,2,959.01,2,Low Value
14631.0,50,3,1006.98,2,Low Value
14632.0,262,1,114.56,1,At Risk
14633.0,265,1,344.90000000000003,1,At Risk
14636.0,35,2,609.85,2,Low Value
14638.0,50,1,443.6,2,Low Value
14639.0,51,6,2984.49,0,High Value
14640.0,23,6,2125.08,0,High Value
14641.0,21,1,110.46,2,Low Value
14642.0,58,1,96.12,2,Low Value
14643.0,169,2,693.8100000000001,1,At Risk
14644.0,67,2,830.76,2,Low Value
14645.0,156,2,597.09,1,At Risk
14647.0,200,1,243.22,1,At Risk
14649.0,4,4,1417.29,2,Low Value
14651.0,66,2,654.6,2,Low Value
14652.0,76,1,114.18,2,Low Value
14653.0,0,7,1947.55,0,High Value
14655.0,7,4,1932.23,0,Low Value
14656.0,168,2,291.05,1,At Risk
14657.0,17,4,848.22,2,Low Value
14658.0,4,2,247.15,2,Low Value
14659.0,8,9,2529.93,0,High Value
14660.0,86,2,285.74,2,Low Value
14661.0,26,1,107.95,2,Low Value
14662.0,28,4,771.17,2,Low Value
14664.0,19,2,637.89,2,Low Value
14665.0,60,5,1835.7,0,Low Value
14666.0,23,1,195.25,2,Low Value
14669.0,241,3,1269.99,1,At Risk
14670.0,279,2,411.53,1,At Risk
14672.0,234,2,765.5500000000001,1,At Risk
14673.0,2,5,1736.4,0,Low Value
14675.0,15,1,604.75,2,Low Value
14676.0,30,6,2548.24,0,High Value
14681.0,70,3,498.95,2,Low Value
14682.0,187,2,52.0,1,At Risk
14684.0,25,5,1236.28,2,Low Value
14687.0,106,1,628.38,2,At Risk
14688.0,7,21,5630.87,3,High Value
14689.0,208,1,112.8,1,At Risk
14690.0,43,2,371.7,2,Low Value
14691.0,30,5,2114.33,0,Low Value
14692.0,136,4,591.55,2,At Risk
14693.0,264,1,172.9,1,At Risk
14696.0,3,7,2078.95,0,High Value
14697.0,217,2,188.61,1,At Risk
14698.0,1,5,1250.76,0,Low Value
14699.0,213,1,109.13,1,At Risk
14700.0,31,3,2235.3,2,Low Value
14701.0,10,9,2549.37,0,High Value
14702.0,0,17,3292.14,3,High Value
14703.0,14,1,318.17,2,Low Value
14704.0,10,9,1546.91,0,High Value
14705.0,198,1,179.0,1,At Risk
14708.0,2,3,1126.37,2,Low Value
14709.0,14,13,4921.04,3,High Value
14710.0,13,4,606.13,2,Low Value
14711.0,9,11,2868.8,0,High Value
14712.0,28,3,917.07,2,Low Value
14713.0,8,11,2666.36,0,High Value
14714.0,23,1,160.19,2,Low Value
14715.0,24,4,867.38,2,Low Value
14716.0,42,2,329.68,2,Low Value
14719.0,1,5,1602.13,0,Low Value
14720.0,5,3,663.81,2,Low Value
14722.0,146,1,187.92,2,At Risk
14723.0,9,6,1158.3,0,High Value
14725.0,24,1,718.08,2,Low Value
14727.0,273,1,268.58,1,At Risk
14729.0,373,1,313.49,1,At Risk
14730.0,0,8,2005.06,0,High Value
14731.0,46,3,380.02,2,Low Value
14732.0,7,8,2702.49,0,High Value
14733.0,15,12,9585.91,3,High Value
14737.0,3,3,1164.55,2,Low Value
14738.0,42,7,1314.45,0,High Value
14739.0,3,7,3902.28,0,High Value
14740.0,196,3,1448.21,1,At Risk
14741.0,11,6,1400.34,0,High Value
14744.0,15,7,1099.98,0,High Value
14745.0,112,5,1220.26,2,At Risk
14747.0,248,1,328.2,1,At Risk
14748.0,28,5,1415.75,0,Low Value
14752.0,43,1,389.64,2,Low Value
14753.0,86,1,563.15,2,Low Value
14754.0,44,2,638.05,2,Low Value
14755.0,9,11,5010.28,3,High Value
14756.0,14,1,738.96,2,Low Value
14757.0,74,1,420.5,2,Low Value
14758.0,144,4,1484.06,2,At Risk
14759.0,4,3,1625.97,2,Low Value
14760.0,296,1,89.2,1,At Risk
14761.0,58,2,255.9,2,Low Value
14762.0,263,1,300.52,1,At Risk
14764.0,46,1,278.3,2,Low Value
14765.0,28,3,254.11,2,Low Value
14766.0,7,6,2473.37,0,High Value
14768.0,16,2,192.6,2,Low Value
14769.0,2,8,10674.75,3,High Value
14770.0,231,2,876.4200000000001,1,At Risk
14772.0,111,1,139.26,2,At Risk
14775.0,57,3,1011.9,2,Low Value
14776.0,50,11,2538.3,0,High Value
14778.0,126,2,730.86,2,At Risk
14779.0,280,3,386.15,1,At Risk
14780.0,54,2,447.68,2,Low Value
14782.0,319,1,200.1,1,At Risk
14784.0,25,2,289.99,2,Low Value
14785.0,9,2,77.4,2,Low Value
14788.0,6,2,679.44,2,Low Value
14789.0,28,1,197.64,2,Low Value
14790.0,16,4,745.06,2,Low Value
14792.0,63,1,6.2,2,Low Value
14793.0,20,1,228.99,2,Low Value
14794.0,2,7,1319.91,0,High Value
14795.0,165,1,131.45000000000002,1,At Risk
14796.0,0,17,8022.49,3,High Value
14798.0,52,3,173.74,2,Low Value
14799.0,50,1,157.7,2,Low Value
14800.0,47,12,4339.74,0,High Value
14801.0,60,1,193.14,2,Low Value
14803.0,161,3,845.5500000000001,1,At Risk
14804.0,8,1,353.27,2,Low Value
14805.0,14,4,554.65,2,Low Value
14806.0,74,1,193.39,2,Low Value
14808.0,39,8,2741.17,0,High Value
14810.0,40,11,2087.88,0,High Value
14813.0,369,2,155.43,1,At Risk
14815.0,36,2,778.5,2,Low Value
14816.0,196,1,271.85,1,At Risk
14817.0,199,2,1110.34,1,At Risk
14818.0,73,3,657.8,2,Low Value
14819.0,63,2,272.07,2,Low Value
14820.0,20,4,507.29,2,Low Value
14821.0,366,1,48.8,1,At Risk
14823.0,179,3,321.43,1,At Risk
14824.0,9,4,1127.71,2,Low Value
14825.0,3,12,2226.9100000000003,0,High Value
14828.0,196,3,2139.76,1,At Risk
14829.0,28,4,697.55,2,Low Value
14830.0,52,1,197.13,2,Low Value
14834.0,17,6,1720.3,0,High Value
14836.0,9,3,102.45,2,Low Value
14837.0,89,4,1649.5,2,Low Value
14840.0,267,1,62.85,1,At Risk
14841.0,52,6,3295.76,0,High Value
14842.0,43,4,2824.69,0,Low Value
14844.0,63,4,3189.81,0,Low Value
14847.0,148,1,309.40000000000003,2,At Risk
14850.0,311,1,325.75,1,At Risk
14851.0,22,2,511.35,2,Low Value
14852.0,57,6,2836.69,0,High Value
14853.0,23,2,475.8,2,Low Value
14854.0,77,7,2759.83,0,High Value
14855.0,118,2,645.65,2,At Risk
14856.0,35,3,1311.38,2,Low Value
14857.0,59,2,1173.12,2,Low Value
14859.0,12,4,1353.74,2,Low Value
14860.0,18,1,170.32,2,Low Value
14861.0,51,1,125.79,2,Low Value
14862.0,25,2,841.2,2,Low Value
14863.0,28,1,266.76,2,Low Value
14865.0,6,2,52.2,2,Low Value
14866.0,10,12,14389.9,3,High Value
14867.0,185,3,710.28,1,At Risk
14868.0,2,8,2953.59,0,High Value
14869.0,8,2,725.7,2,Low Value
14870.0,261,1,327.25,1,At Risk
14871.0,2,4,522.38,2,Low Value
14873.0,209,1,519.68,1,At Risk
14875.0,107,2,1465.32,2,At Risk
14878.0,12,9,1485.54,0,High Value
14880.0,76,3,706.19,2,Low Value
14881.0,19,1,255.4,2,Low Value
14882.0,26,2,589.7,2,Low Value
14883.0,18,6,761.59,0,Loyal
14885.0,131,1,765.3199999999999,2,At Risk
14886.0,252,1,364.8,1,At Risk
14887.0,78,1,1862.0,2,Low Value
14888.0,206,1,369.2,1,At Risk
14889.0,335,1,135.9,1,At Risk
14890.0,253,1,125.65,1,At Risk
14891.0,147,2,554.38,2,At Risk
14893.0,9,2,1237.85,2,Low Value
14894.0,84,1,655.75,2,Low Value
14895.0,7,20,11138.71,3,High Value
14896.0,204,2,468.77,1,At Risk
14897.0,7,4,1366.38,2,Low Value
14898.0,22,6,1303.52,0,High Value
14901.0,10,9,1421.29,0,High Value
14902.0,25,1,332.66,2,Low Value
14903.0,20,5,2810.63,0,Low Value
14904.0,1,2,1025.44,2,Low Value
14905.0,157,2,616.15,1,At Risk
14907.0,2,7,3501.1,0,High Value
14908.0,73,1,277.8,2,Low Value
14910.0,2,4,434.35,2,Low Value
14912.0,16,2,867.85,2,Low Value
14913.0,35,4,1227.43,2,Low Value
14915.0,90,2,307.48,2,Low Value
14916.0,70,4,1268.98,2,Low Value
14918.0,115,2,1610.15,2,At Risk
14920.0,212,2,977.77,1,At Risk
14921.0,29,2,1316.07,2,Low Value
14923.0,50,1,749.1,2,Low Value
14924.0,245,1,310.05,1,At Risk
14929.0,31,1,223.88,2,Low Value
14930.0,108,3,2372.86,2,At Risk
14931.0,4,5,1257.68,0,Low Value
14932.0,365,1,363.53,1,At Risk
14934.0,81,2,1890.94,2,Low Value
14935.0,296,1,1784.71,1,At Risk
14936.0,33,8,8137.02,3,High Value
14937.0,56,3,1621.88,2,Low Value
14944.0,29,12,5900.25,3,High Value
14946.0,13,1,100.9,2,Low Value
14947.0,71,2,290.82,2,Low Value
14948.0,22,6,1101.97,0,High Value
14950.0,18,1,371.2,2,Low Value
14951.0,78,1,311.69,2,Low Value
14952.0,59,11,8099.49,3,High Value
14953.0,24,1,289.82,2,Low Value
14954.0,11,1,336.17,2,Low Value
14957.0,252,1,58.49,1,At Risk
14958.0,146,3,499.68,2,At Risk
14959.0,63,4,695.42,2,Low Value
14960.0,7,2,221.27,2,Low Value
14961.0,10,9,7044.68,3,High Value
14962.0,270,1,126.7,1,At Risk
14963.0,9,5,1487.8,0,Low Value
14964.0,246,1,206.21,1,At Risk
14965.0,95,2,599.0,2,Low Value
14966.0,14,1,191.32,2,Low Value
14967.0,49,1,463.8,2,Low Value
14968.0,29,1,147.59,2,Low Value
14970.0,67,4,1592.06,2,Low Value
14971.0,34,3,1116.57,2,Low Value
14972.0,127,1,114.77,2,At Risk
14973.0,106,3,1314.45,2,At Risk
14974.0,36,1,114.39,2,Low Value
14975.0,56,1,279.94,2,Low Value
14976.0,56,7,790.86,0,Loyal
14978.0,71,5,1931.42,0,Low Value
14981.0,245,1,102.12,1,At Risk
14984.0,18,2,213.27,2,Low Value
14985.0,197,2,296.75,1,At Risk
14987.0,15,2,326.4,2,Low Value
14988.0,211,1,334.54,1,At Risk
14995.0,38,2,233.23,2,Low Value
14997.0,45,3,546.1999999999999,2,Low Value
14998.0,169,2,429.87,1,At Risk
15000.0,47,1,490.52,2,Low Value
15002.0,115,4,1641.76,2,At Risk
15004.0,146,1,1246.32,2,At Risk
15006.0,50,1,502.09,2,Low Value
15007.0,158,1,156.91,1,At Risk
15009.0,11,3,1261.78,2,Low Value
15010.0,35,1,308.94,2,Low Value
15012.0,53,2,423.04,2,Low Value
15014.0,42,2,260.17,2,Low Value
15016.0,172,1,170.04,1,At Risk
15017.0,33,1,125.58,2,Low Value
15018.0,38,3,496.21,2,Low Value
15019.0,266,1,266.0,1,At Risk
15021.0,8,9,1914.82,0,High Value
15022.0,11,4,905.04,2,Low Value
15023.0,2,11,6802.76,3,High Value
15024.0,9,10,1661.33,0,High Value
15025.0,32,1,377.01,2,Low Value
15026.0,79,3,469.0,2,Low Value
15027.0,30,4,1066.15,2,Low Value
15028.0,7,4,627.13,2,Low Value
15030.0,71,2,518.28,2,Low Value
15031.0,3,4,668.14,2,Low Value
15032.0,255,3,4959.1,1,At Risk
15033.0,4,10,2586.67,0,High Value
15034.0,15,8,4308.61,0,High Value
15035.0,89,1,252.73,2,Low Value
15036.0,71,3,465.55,2,Low Value
15038.0,58,6,705.49,2,Loyal
15041.0,169,1,180.35,1,At Risk
15042.0,198,1,135.93,1,At Risk
15043.0,30,1,537.0,2,Low Value
15044.0,18,17,7700.23,3,High Value
15045.0,151,2,735.66,2,At Risk
15046.0,8,15,5213.77,3,High Value
15047.0,269,1,343.62,1,At Risk
15048.0,64,4,384.05,2,Low Value
15049.0,273,1,121.17000000000002,1,At Risk
15050.0,24,3,1782.09,2,Low Value
15051.0,22,3,1391.61,2,Low Value
15052.0,318,1,215.78,1,At Risk
15053.0,4,3,697.79,2,Low Value
15054.0,11,2,302.1,2,Low Value
15057.0,274,2,1489.5,1,At Risk
15058.0,24,11,2124.99,0,High Value
15059.0,40,9,1337.72,0,High Value
15060.0,7,4,303.09000000000003,2,Low Value
15062.0,70,4,987.86,2,Low Value
15063.0,212,1,370.8,1,At Risk
15065.0,37,4,3158.13,0,Low Value
15066.0,52,1,893.59,2,Low Value
15067.0,77,3,1744.76,2,Low Value
15068.0,45,2,553.36,2,Low Value
15069.0,178,1,1109.53,1,At Risk
15070.0,372,1,106.2,1,At Risk
15071.0,93,2,982.07,2,Low Value
15073.0,9,3,1043.41,2,Low Value
15074.0,104,1,748.87,2,At Risk
15075.0,77,1,773.03,2,Low Value
15076.0,172,1,880.85,1,At Risk
15079.0,212,4,895.61,1,At Risk
15081.0,21,5,504.8,2,Low Value
15083.0,256,1,88.2,1,At Risk
15087.0,281,1,306.94,1,At Risk
15088.0,20,2,1160.07,2,Low Value
15089.0,9,6,2420.84,0,High Value
15090.0,307,1,381.32,1,At Risk
15091.0,67,1,480.71,2,Low Value
15092.0,214,2,457.81,1,At Risk
15093.0,17,6,4597.02,0,High Value
15095.0,103,4,1370.6,2,At Risk
15096.0,42,1,219.39,2,Low Value
15097.0,3,1,248.08,2,Low Value
15099.0,83,1,410.48,2,Low Value
15100.0,333,3,876.0,1,At Risk
15101.0,8,2,317.53000000000003,2,Low Value
15103.0,30,2,703.36,2,Low Value
15104.0,196,2,1027.44,1,At Risk
15105.0,17,7,2298.93,0,High Value
15106.0,17,5,1422.52,0,Low Value
15107.0,310,6,319.5,1,Loyal
15108.0,141,4,1300.25,2,At Risk
15109.0,245,1,484.95,1,At Risk
15110.0,23,4,996.1,2,Low Value
15111.0,28,3,1567.48,2,Low Value
15113.0,9,3,3609.33,0,Low Value
15114.0,29,10,2760.56,0,High Value
15115.0,17,1,340.11,2,Low Value
15116.0,17,4,1352.75,2,Low Value
15117.0,14,5,1551.78,0,Low Value
15118.0,133,1,244.8,2,At Risk
15119.0,245,1,266.4,1,At Risk
15120.0,133,1,358.82,2,At Risk
15121.0,49,2,457.72,2,Low Value
15122.0,113,3,1633.78,2,At Risk
15123.0,6,2,2199.31,2,Low Value
15124.0,22,2,184.19,2,Low Value
15125.0,24,15,11528.48,3,High Value
15127.0,65,1,406.53,2,Low Value
15128.0,59,4,1471.0,2,Low Value
15129.0,49,11,3447.4,0,High Value
15130.0,169,1,330.11,1,At Risk
15132.0,17,5,977.93,2,Low Value
15133.0,127,3,982.42,2,At Risk
15134.0,14,8,1387.99,0,High Value
15135.0,238,1,139.05,1,At Risk
15136.0,2,4,1286.7,2,Low Value
15139.0,239,2,178.96,1,At Risk
15140.0,51,7,2354.25,0,High Value
15142.0,45,1,498.74,2,Low Value
15143.0,225,1,259.45,1,At Risk
15144.0,7,17,6580.4400000000005,3,High Value
15145.0,3,4,1194.73,2,Low Value
15146.0,164,2,1327.16,1,At Risk
15147.0,239,1,623.5,1,At Risk
15148.0,10,1,301.29,2,Low Value
15149.0,133,1,520.8000000000001,2,At Risk
15150.0,16,10,5314.47,3,High Value
15152.0,9,13,4745.69,3,High Value
15153.0,30,1,329.25,2,Low Value
15154.0,74,1,296.42,2,Low Value
15156.0,0,3,961.49,2,Low Value
15157.0,3,3,1936.07,2,Low Value
15158.0,44,1,401.4,2,Low Value
15160.0,356,1,158.16,1,At Risk
15163.0,17,2,304.47,2,Low Value
15164.0,68,3,843.05,2,Low Value
15165.0,372,1,487.75,1,At Risk
15167.0,320,1,163.0,1,At Risk
15168.0,25,1,106.56,2,Low Value
15171.0,330,1,1289.5,1,At Risk
15172.0,8,5,1624.05,0,Low Value
15174.0,322,1,135.75,1,At Risk
15175.0,71,1,224.14,2,Low Value
15178.0,259,1,40.5,1,At Risk
15179.0,17,5,2206.9500000000003,0,Low Value
15180.0,366,1,87.5,1,At Risk
15181.0,65,3,689.48,2,Low Value
15182.0,153,2,622.85,1,At Risk
15184.0,28,2,406.76,2,Low Value
15185.0,69,1,310.62,2,Low Value
15186.0,13,2,411.41,2,Low Value
15187.0,1,16,4777.18,3,High Value
15192.0,119,3,1044.32,2,At Risk
15193.0,60,1,499.32,2,Low Value
15194.0,2,15,7616.53,3,High Value
15195.0,2,1,3861.0,0,Low Value
15197.0,10,3,1079.61,2,Low Value
15198.0,91,2,193.64,2,Low Value
15199.0,58,4,1268.7,2,Low Value
15201.0,86,5,1236.54,2,Low Value
15203.0,25,6,1827.8,0,High Value
15204.0,356,1,316.58,1,At Risk
15205.0,84,2,653.24,2,Low Value
15206.0,9,4,420.3,2,Low Value
15208.0,0,5,870.12,2,Low Value
15210.0,224,1,331.18,1,At Risk
15211.0,59,2,894.4100000000001,2,Low Value
15212.0,240,1,101.8,1,At Risk
15213.0,318,2,328.35,1,At Risk
15214.0,1,8,1661.44,0,High Value
15215.0,46,3,734.94,2,Low Value
15216.0,87,1,96.6,2,Low Value
15218.0,10,11,5756.89,3,High Value
15219.0,175,1,305.75,1,At Risk
15220.0,51,6,1778.96,0,High Value
15221.0,365,1,403.25,1,At Risk
15222.0,318,1,585.0,1,At Risk
15223.0,225,2,755.75,1,At Risk
15224.0,357,2,322.08,1,At Risk
15225.0,233,1,409.4,1,At Risk
15226.0,310,1,154.41,1,At Risk
15227.0,36,5,1219.4,2,Low Value
15228.0,65,4,3386.71,0,Low Value
15230.0,238,2,429.6,1,At Risk
15232.0,112,2,612.06,2,At Risk
15234.0,276,1,197.0,1,At Risk
15235.0,217,12,2247.51,0,High Value
15236.0,298,1,321.05,1,At Risk
15237.0,1,4,1412.32,2,Low Value
15238.0,28,3,1071.99,2,Low Value
15239.0,9,2,780.59,2,Low Value
15240.0,44,5,1706.57,0,Low Value
15241.0,66,8,1756.44,0,High Value
15243.0,73,1,316.68,2,Low Value
15244.0,64,2,631.57,2,Low Value
15245.0,133,3,2515.84,2,At Risk
15246.0,237,2,514.15,1,At Risk
15247.0,121,1,356.0,2,At Risk
15249.0,31,13,6688.46,3,High Value
15251.0,8,11,10484.99,3,High Value
15252.0,35,2,740.78,2,Low Value
15253.0,15,5,918.2,2,Low Value
15254.0,126,1,300.36,2,At Risk
15255.0,66,1,890.85,2,Low Value
15256.0,148,1,98.45,1,At Risk
15257.0,282,1,317.15,1,At Risk
15258.0,168,2,623.16,1,At Risk
15260.0,99,7,1810.77,0,High Value
15261.0,134,1,254.82,2,At Risk
15262.0,323,1,178.95000000000002,1,At Risk
15263.0,106,1,156.51,2,At Risk
15264.0,63,1,393.74,2,Low Value
15265.0,150,2,1506.12,2,At Risk
15266.0,337,1,119.3,1,At Risk
15267.0,21,5,1717.36,0,Low Value
15269.0,23,1,408.8,2,Low Value
15270.0,15,7,2379.49,0,High Value
15271.0,6,15,2507.07,0,High Value
15272.0,56,2,721.94,2,Low Value
15274.0,3,2,716.57,2,Low Value
15275.0,37,1,615.14,2,Low Value
15276.0,65,1,135.31,2,Low Value
15277.0,46,1,255.9,2,Low Value
15279.0,354,1,290.51,1,At Risk
15280.0,171,1,113.12,1,At Risk
15281.0,58,9,2332.15,0,High Value
15286.0,49,1,240.55,2,Low Value
15287.0,21,2,486.69,2,Low Value
15288.0,42,5,2306.52,0,Low Value
15289.0,28,3,939.78,2,Low Value
15290.0,4,18,7943.22,3,High Value
15291.0,25,15,4668.3,3,High Value
15292.0,200,1,180.94,1,At Risk
15296.0,50,6,3672.86,0,High Value
15297.0,9,3,641.94,2,Low Value
15298.0,1,12,4799.9,3,High Value
15299.0,66,7,4507.01,0,High Value
15300.0,63,1,496.44,2,Low Value
15301.0,50,12,5070.35,3,High Value
15303.0,289,1,574.02,1,At Risk
15304.0,60,8,694.4,0,Loyal
15306.0,63,3,1174.35,2,Low Value
15307.0,95,1,205.3,2,Low Value
15308.0,273,1,310.47,1,At Risk
15312.0,74,4,924.85,2,Low Value
15313.0,109,1,52.0,2,At Risk
15314.0,198,1,327.97,1,At Risk
15315.0,63,2,570.5,2,Low Value
15316.0,326,1,165.0,1,At Risk
15318.0,3,1,312.62,2,Low Value
15319.0,283,1,204.5,1,At Risk
15320.0,43,1,267.13,2,Low Value
15321.0,70,3,2748.31,2,Low Value
15322.0,85,1,679.68,2,Low Value
15325.0,103,1,162.29,2,At Risk
15326.0,333,1,311.71,1,At Risk
15327.0,52,1,208.75,2,Low Value
15329.0,38,3,1049.7,2,Low Value
15330.0,31,2,714.9599999999999,2,Low Value
15332.0,365,4,1661.06,1,At Risk
15333.0,207,1,1028.56,1,At Risk
15334.0,156,3,351.67,1,At Risk
15335.0,53,1,173.97,2,Low Value
15339.0,65,2,574.07,2,Low Value
15341.0,80,1,2020.52,2,Low Value
15342.0,129,1,406.09,2,At Risk
15343.0,86,1,364.5,2,Low Value
15344.0,0,3,563.94,2,Low Value
15345.0,45,1,393.54,2,Low Value
15346.0,332,1,252.42,1,At Risk
15347.0,365,1,201.6,1,At Risk
15348.0,71,1,158.04,2,Low Value
15349.0,157,2,473.81,1,At Risk
15350.0,372,1,115.65,1,At Risk
15351.0,11,7,1960.11,0,High Value
15353.0,254,2,777.02,1,At Risk
15355.0,28,2,277.05,2,Low Value
15356.0,30,10,2766.5,0,High Value
15358.0,4,22,8347.2,3,High Value
15360.0,39,1,427.93,2,Low Value
15361.0,361,1,418.92,1,At Risk
15363.0,372,1,326.0,1,At Risk
15364.0,95,2,913.19,2,Low Value
15365.0,25,7,2314.32,0,High Value
15366.0,74,2,602.51,2,Low Value
15367.0,56,4,1877.59,2,Low Value
15368.0,20,1,446.94000000000005,2,Low Value
15370.0,40,7,2386.05,0,High Value
15372.0,136,1,2007.4,2,At Risk
15373.0,7,12,2415.91,0,High Value
15374.0,128,1,168.0,2,At Risk
15376.0,39,3,1233.36,2,Low Value
15379.0,168,7,3703.29,0,High Value
15380.0,8,5,1690.26,0,Low Value
15381.0,213,2,596.85,1,At Risk
15382.0,14,6,5955.71,0,High Value
15384.0,169,2,642.41,1,At Risk
15385.0,39,1,316.88,2,Low Value
15386.0,185,1,394.14,1,At Risk
15388.0,269,1,140.54,1,At Risk
15389.0,171,1,500.0,1,At Risk
15392.0,4,4,1535.53,2,Low Value
15393.0,15,2,231.86,2,Low Value
15394.0,9,4,2183.54,0,Low Value
15395.0,325,1,107.45,1,At Risk
15396.0,112,1,288.18,2,At Risk
15397.0,289,1,94.0,1,At Risk
15398.0,15,2,1345.53,2,Low Value
15399.0,0,3,815.77,2,Low Value
15400.0,91,5,716.2,2,Low Value
15402.0,148,2,626.77,2,At Risk
15405.0,188,1,349.1,1,At Risk
15406.0,30,2,510.71,2,Low Value
15407.0,33,4,1056.44,2,Low Value
15408.0,263,1,267.18,1,At Risk
15410.0,83,8,3450.84,0,High Value
15411.0,25,4,1358.88,2,Low Value
15412.0,170,1,190.53,1,At Risk
15414.0,9,3,774.9000000000001,2,Low Value
15415.0,312,1,572.8100000000001,1,At Risk
15416.0,64,4,3984.32,0,Low Value
15417.0,84,1,508.8,2,Low Value
15419.0,24,1,135.86,2,Low Value
15421.0,58,4,950.36,2,Low Value
15422.0,322,2,97.7,1,At Risk
15423.0,37,1,43.5,2,Low Value
15424.0,253,2,383.34,1,At Risk
15426.0,18,5,1447.39,0,Low Value
15427.0,32,3,1483.14,2,Low Value
15428.0,14,1,93.78,2,Low Value
15429.0,26,2,397.35,2,Low Value
15432.0,22,1,171.19000000000003,2,Low Value
15433.0,213,2,533.3,1,At Risk
15434.0,7,5,1041.48,2,Low Value
15435.0,21,1,149.29,2,Low Value
15436.0,11,3,1122.53,2,Low Value
15437.0,261,1,200.16,1,At Risk
15438.0,130,1,156.57999999999998,2,At Risk
15440.0,54,3,383.68,2,Low Value
15442.0,248,1,594.0,1,At Risk
15443.0,1,7,3236.91,0,High Value
15444.0,8,2,1418.26,2,Low Value
15445.0,263,1,113.5,1,At Risk
15447.0,330,1,155.17000000000002,1,At Risk
15448.0,312,1,494.64,1,At Risk
15449.0,25,3,974.52,2,Low Value
15450.0,29,1,429.84,2,Low Value
15452.0,29,3,538.73,2,Low Value
15453.0,1,7,1388.37,0,High Value
15454.0,361,1,179.1,1,At Risk
15456.0,282,3,447.22,1,At Risk
15457.0,261,1,237.07,1,At Risk
15458.0,24,1,161.64,2,Low Value
15460.0,353,1,216.76,1,At Risk
15462.0,93,3,234.6,2,Low Value
15463.0,28,1,126.14,2,Low Value
15464.0,337,1,1048.85,1,At Risk
15465.0,19,18,7354.62,3,High Value
15466.0,84,1,334.53,2,Low Value
15467.0,8,3,524.88,2,Low Value
15468.0,50,2,467.51,2,Low Value
15469.0,49,2,538.55,2,Low Value
15471.0,1,1,469.48,2,Low Value
15472.0,112,1,371.56,2,At Risk
15473.0,13,7,1771.2,0,High Value
15475.0,76,1,454.11,2,Low Value
15478.0,39,2,1441.42,2,Low Value
15480.0,115,1,905.5,2,At Risk
15482.0,15,12,11054.96,3,High Value
15483.0,160,4,233.81,1,At Risk
15484.0,0,4,3594.31,0,Low Value
15485.0,29,3,2575.0,2,Low Value
15488.0,92,1,91.32,2,Low Value
15489.0,22,3,1134.28,2,Low Value
15491.0,94,6,3100.09,0,High Value
15492.0,27,2,659.46,2,Low Value
15493.0,32,5,2001.8,0,Low Value
15494.0,20,2,1299.23,2,Low Value
15497.0,17,2,1262.2,2,Low Value
15500.0,7,4,1131.56,2,Low Value
15502.0,15,12,10384.93,3,High Value
15503.0,362,1,147.09,1,At Risk
15504.0,80,1,52.83,2,Low Value
15505.0,52,5,3610.96,0,Low Value
15506.0,22,3,979.26,2,Low Value
15507.0,171,1,492.36,1,At Risk
15508.0,188,6,1000.27,1,High Value
15510.0,330,1,250.0,1,At Risk
15511.0,11,5,909.23,2,Low Value
15512.0,155,2,121.0,1,At Risk
15513.0,32,19,14758.22,3,High Value
15514.0,11,11,4139.46,0,High Value
15516.0,44,3,62.43,2,Low Value
15517.0,232,1,267.03,1,At Risk
15518.0,63,8,1942.45,0,High Value
15520.0,1,1,343.5,2,Low Value
15521.0,39,8,3000.2,0,High Value
15522.0,32,2,398.84,2,Low Value
15523.0,83,1,412.0100000000001,2,Low Value
15524.0,24,1,440.0,2,Low Value
15525.0,1,3,825.92,2,Low Value
15526.0,32,2,148.44,2,Low Value
15527.0,18,8,2429.78,0,High Value
15528.0,253,1,229.33,1,At Risk
15529.0,22,11,3995.23,0,High Value
15530.0,21,4,1502.35,2,Low Value
15531.0,7,2,2007.44,2,Low Value
15532.0,24,4,1580.93,2,Low Value
15533.0,18,3,807.57,2,Low Value
15535.0,172,4,536.4,1,At Risk
15537.0,162,1,110.92,1,At Risk
15539.0,6,1,538.46,2,Low Value
15540.0,10,1,213.3,2,Low Value
15541.0,113,1,85.13000000000001,2,At Risk
15543.0,287,1,127.86,1,At Risk
15544.0,8,9,3546.71,0,High Value
15545.0,53,2,292.72,2,Low Value
15547.0,6,14,4954.84,3,High Value
15549.0,76,3,1693.26,2,Low Value
15550.0,3,4,575.63,2,Low Value
15551.0,36,1,436.06,2,Low Value
15552.0,216,1,90.12,1,At Risk
15553.0,59,1,437.23,2,Low Value
15554.0,277,1,217.2,1,At Risk
15555.0,11,16,4805.17,3,High Value
15556.0,23,1,279.77,2,Low Value
15557.0,28,1,473.65,2,Low Value
15561.0,11,4,800.5899999999999,2,Low Value
15562.0,351,1,134.55,1,At Risk
15563.0,21,4,1400.44,2,Low Value
15565.0,49,2,173.16000000000005,2,Low Value
15567.0,18,1,186.01,2,Low Value
15568.0,2,3,758.29,2,Low Value
15569.0,103,5,1375.71,2,At Risk
15570.0,6,12,4165.52,0,High Value
15571.0,11,4,650.4300000000001,2,Low Value
15572.0,4,7,2552.86,0,High Value
15573.0,31,2,607.45,2,Low Value
15574.0,177,4,702.25,1,At Risk
15576.0,37,1,940.67,2,Low Value
15577.0,150,3,258.88,2,At Risk
15578.0,161,1,127.1,1,At Risk
15579.0,68,2,348.6,2,Low Value
15581.0,120,13,3679.97,0,High Value
15582.0,24,3,682.9100000000001,2,Low Value
15584.0,23,4,725.11,2,Low Value
15585.0,176,1,455.3,1,At Risk
15587.0,49,4,913.68,2,Low Value
15589.0,255,3,478.53,1,At Risk
15592.0,46,1,388.58,2,Low Value
15593.0,70,1,199.8,2,Low Value
15594.0,15,5,1771.78,0,Low Value
15596.0,100,5,1406.59,2,Low Value
15597.0,34,1,324.57,2,Low Value
15598.0,52,1,240.68,2,Low Value
15599.0,26,2,761.74,2,Low Value
15601.0,10,14,6776.56,3,High Value
15602.0,7,9,1297.87,0,High Value
15603.0,78,1,48.48,2,Low Value
15604.0,51,1,216.39,2,Low Value
15605.0,35,5,1198.23,2,Low Value
15606.0,60,9,2920.16,0,High Value
15607.0,336,1,104.76,1,At Risk
15608.0,27,4,1093.68,2,Low Value
15609.0,183,1,298.48,1,At Risk
15610.0,51,1,112.46,2,Low Value
15611.0,9,13,1591.45,0,High Value
15612.0,35,2,195.15,2,Low Value
15615.0,9,23,10399.74,3,High Value
15618.0,32,4,776.851,2,Low Value
15619.0,10,1,336.4,2,Low Value
15620.0,56,3,1553.18,2,Low Value
15621.0,3,4,1293.03,2,Low Value
15622.0,42,9,3709.56,0,High Value
15623.0,140,1,301.03000000000003,2,At Risk
15624.0,116,4,588.13,2,At Risk
15625.0,103,4,1534.26,2,At Risk
15626.0,74,2,675.8,2,Low Value
15628.0,4,9,2870.24,0,High Value
15630.0,44,2,1186.35,2,Low Value
15632.0,15,8,3285.31,0,High Value
15634.0,16,1,243.55,2,Low Value
15636.0,89,2,724.76,2,Low Value
15637.0,52,1,223.36,2,Low Value
15639.0,133,1,425.32,2,At Risk
15640.0,3,15,12515.66,3,High Value
15641.0,104,4,1887.2,2,At Risk
15643.0,191,3,664.0,1,At Risk
15644.0,165,4,813.0,1,At Risk
15645.0,18,1,612.01,2,Low Value
15646.0,157,3,447.64,1,At Risk
15648.0,203,2,657.35,1,At Risk
15649.0,335,2,816.0,1,At Risk
15651.0,36,3,646.3,2,Low Value
15652.0,90,1,337.74,2,Low Value
15653.0,92,2,877.44,2,Low Value
15654.0,8,2,922.53,2,Low Value
15655.0,242,1,560.6700000000001,1,At Risk
15656.0,44,4,748.5,2,Low Value
15657.0,22,1,30.0,2,Low Value
15658.0,189,5,1024.1,1,At Risk
15659.0,43,1,306.45,2,Low Value
15660.0,24,9,1600.86,0,High Value
15661.0,316,2,309.8,1,At Risk
15663.0,105,1,138.14,2,At Risk
15664.0,50,1,386.43,2,Low Value
15665.0,167,2,2242.01,1,At Risk
15667.0,39,1,301.32000000000005,2,Low Value
15668.0,217,1,76.32000000000001,1,At Risk
15669.0,39,4,684.34,2,Low Value
15670.0,296,1,173.05,1,At Risk
15671.0,18,7,2657.13,0,High Value
15673.0,87,4,2881.02,0,Low Value
15674.0,72,5,2446.6,0,Low Value
15675.0,80,3,323.69,2,Low Value
15676.0,18,3,3435.76,0,Low Value
15677.0,48,1,657.23,2,Low Value
15678.0,52,1,352.7,2,Low Value
15679.0,23,4,781.28,2,Low Value
15680.0,8,3,1333.68,2,Low Value
15681.0,24,5,1426.16,0,Low Value
15683.0,116,1,193.75,2,At Risk
15687.0,8,9,2993.1,0,High Value
15689.0,119,2,254.1,2,At Risk
15690.0,3,2,239.76,2,Low Value
15691.0,251,1,136.8,1,At Risk
15692.0,27,1,191.04,2,Low Value
15694.0,0,14,6479.4,3,High Value
15695.0,266,2,409.98,1,At Risk
15696.0,32,8,2736.46,0,High Value
15699.0,17,1,309.65,2,Low Value
15700.0,171,2,696.68,1,At Risk
15701.0,1,4,1542.14,2,Low Value
15703.0,264,1,211.5,1,At Risk
15704.0,139,4,2293.62,2,At Risk
15705.0,200,1,143.1,1,At Risk
15706.0,63,4,1060.56,2,Low Value
15707.0,34,4,945.58,2,Low Value
15708.0,40,7,3364.24,0,High Value
15709.0,283,1,133.25,1,At Risk
15712.0,8,5,1072.36,2,Low Value
15713.0,142,2,356.7,2,At Risk
15714.0,11,2,330.88,2,Low Value
15716.0,145,4,1118.81,2,At Risk
15717.0,233,1,150.3,1,At Risk
15719.0,32,13,5045.61,3,High Value
15720.0,23,1,598.73,2,Low Value
15721.0,11,1,507.08,2,Low Value
15722.0,35,5,2222.56,0,Low Value
15723.0,364,1,203.1,1,At Risk
15724.0,200,2,218.25,1,At Risk
15725.0,14,1,415.25,2,Low Value
15727.0,16,7,5178.96,0,High Value
15729.0,212,1,85.0,1,At Risk
15730.0,65,3,1120.88,2,Low Value
15732.0,211,2,294.12,1,At Risk
15733.0,282,1,162.3,1,At Risk
15734.0,114,2,1339.45,2,At Risk
15737.0,14,8,1205.12,0,High Value
15738.0,18,16,4812.42,3,High Value
15739.0,65,1,449.12,2,Low Value
15740.0,48,1,154.88,2,Low Value
15743.0,15,4,784.46,2,Low Value
15744.0,77,1,34.8,2,Low Value
15745.0,18,4,1094.59,2,Low Value
15746.0,133,1,196.88,2,At Risk
15747.0,12,3,974.04,2,Low Value
15748.0,39,1,149.31,2,Low Value
15750.0,2,8,2465.48,0,High Value
15752.0,39,7,2637.38,0,High Value
15753.0,304,1,79.2,1,At Risk
15754.0,50,3,458.57,2,Low Value
15755.0,9,6,2364.25,0,High Value
15756.0,60,4,532.96,2,Low Value
15757.0,65,2,714.42,2,Low Value
15758.0,24,1,205.25,2,Low Value
15759.0,217,3,253.04,1,At Risk
15762.0,64,2,583.75,2,Low Value
15763.0,31,2,1086.92,2,Low Value
15764.0,87,6,3279.9700000000003,0,High Value
15766.0,63,1,315.06,2,Low Value
15768.0,115,3,621.83,2,At Risk
15773.0,5,1,635.6800000000001,2,Low Value
15774.0,68,1,270.8,2,Low Value
15775.0,244,1,104.9,1,At Risk
15776.0,132,1,241.62,2,At Risk
15777.0,240,4,1047.11,1,At Risk
15780.0,183,3,475.28,1,At Risk
15781.0,24,3,345.46000000000004,2,Low Value
15782.0,9,3,2614.74,0,Low Value
15783.0,10,1,246.3,2,Low Value
15785.0,32,5,2328.9700000000003,0,Low Value
15786.0,45,3,4932.2,0,Low Value
15787.0,25,3,948.05,2,Low Value
15789.0,357,1,351.3,1,At Risk
15790.0,9,1,220.85,2,Low Value
15791.0,43,2,1612.69,2,Low Value
15793.0,14,3,965.61,2,Low Value
15795.0,149,1,610.01,2,At Risk
15796.0,0,8,2711.56,0,High Value
15797.0,112,4,2207.4,2,At Risk
15799.0,75,3,884.14,2,Low Value
15800.0,106,2,699.08,2,At Risk
15801.0,45,3,1063.95,2,Low Value
15802.0,142,1,451.42,2,At Risk
15803.0,50,1,415.8200000000001,2,Low Value
15804.0,0,13,4206.39,3,High Value
15805.0,22,17,5528.4800000000005,3,High Value
15806.0,45,3,784.58,2,Low Value
15807.0,49,3,903.9,2,Low Value
15808.0,305,4,3734.97,1,At Risk
15809.0,35,5,515.77,2,Low Value
15810.0,78,4,1391.98,2,Low Value
15811.0,21,6,2218.62,0,High Value
15812.0,106,5,1801.14,0,At Risk
15813.0,207,2,1303.91,1,At Risk
15814.0,16,4,1945.33,0,Low Value
15815.0,63,5,2100.6,0,Low Value
15819.0,48,4,1905.45,2,Low Value
15820.0,319,1,206.98,1,At Risk
15821.0,43,2,570.96,2,Low Value
15822.0,2,2,885.47,2,Low Value
15823.0,371,1,15.0,1,At Risk
15825.0,171,1,532.94,1,At Risk
15826.0,55,3,1654.31,2,Low Value
15827.0,72,14,1836.09,0,High Value
15829.0,98,2,636.14,2,Low Value
15830.0,37,1,576.0,2,Low Value
15831.0,57,3,801.76,2,Low Value
15832.0,253,1,836.79,1,At Risk
15834.0,69,4,2233.75,0,Low Value
15835.0,43,4,954.09,2,Low Value
15836.0,49,1,137.37,2,Low Value
15837.0,64,1,391.98,2,Low Value
15839.0,32,3,1048.49,2,Low Value
15840.0,58,2,355.56,2,Low Value
15841.0,72,4,1224.06,2,Low Value
15843.0,303,1,118.95,1,At Risk
15844.0,45,1,130.73999999999998,2,Low Value
15845.0,17,8,3711.77,0,High Value
15847.0,37,2,389.27,2,Low Value
15850.0,18,2,238.85,2,Low Value
15852.0,186,2,160.71,1,At Risk
15853.0,51,1,110.8,2,Low Value
15854.0,3,12,2974.65,0,High Value
15855.0,136,5,712.24,2,At Risk
15857.0,18,1,297.0,2,Low Value
15858.0,15,5,1438.85,0,Low Value
15860.0,40,8,977.21,0,Loyal
15861.0,11,8,3165.36,0,High Value
15862.0,7,4,832.88,2,Low Value
15863.0,25,2,68.84,2,Low Value
15864.0,21,6,1936.32,0,High Value
15865.0,40,3,895.13,2,Low Value
15866.0,100,1,230.53,2,Low Value
15867.0,4,15,3812.64,3,High Value
15869.0,276,2,149.64,1,At Risk
15870.0,32,1,354.09000000000003,2,Low Value
15872.0,14,2,360.93,2,Low Value
15874.0,63,7,4405.88,0,High Value
15877.0,1,2,493.28,2,Low Value
15880.0,368,1,343.28,1,At Risk
15881.0,311,5,501.39,1,At Risk
15882.0,198,4,516.36,1,At Risk
15883.0,1,2,396.48,2,Low Value
15885.0,92,3,379.35,2,Low Value
15886.0,59,1,181.09,2,Low Value
15888.0,80,1,168.31,2,Low Value
15889.0,156,2,446.87,1,At Risk
15891.0,226,1,524.52,1,At Risk
15894.0,252,2,263.55,1,At Risk
15895.0,149,1,179.17,1,At Risk
15897.0,193,2,222.05,1,At Risk
15898.0,0,5,1388.88,0,Low Value
15899.0,368,1,56.25,1,At Risk
15900.0,23,1,351.11,2,Low Value
15901.0,16,3,363.88,2,Low Value
15903.0,9,7,5126.76,0,High Value
15904.0,7,1,164.68,2,Low Value
15906.0,19,7,1567.69,0,High Value
15907.0,3,3,967.45,2,Low Value
15909.0,173,1,191.94,1,At Risk
15910.0,0,8,1232.18,0,High Value
15912.0,177,2,264.62,1,At Risk
15916.0,15,8,1528.09,0,High Value
15917.0,247,1,123.1,1,At Risk
15918.0,190,2,334.23,1,At Risk
15919.0,19,2,639.89,2,Low Value
15920.0,153,4,167.5,2,At Risk
15921.0,172,1,336.03000000000003,1,At Risk
15922.0,372,1,369.5,1,At Risk
15923.0,372,1,127.08,1,At Risk
15925.0,193,1,207.15,1,At Risk
15930.0,66,1,426.63,2,Low Value
15932.0,3,8,2495.87,0,High Value
15933.0,20,3,1107.46,2,Low Value
15935.0,238,2,416.86,1,At Risk
15937.0,63,1,145.35000000000002,2,Low Value
15938.0,111,5,404.58,2,At Risk
15939.0,89,15,6115.01,3,High Value
15940.0,310,1,35.8,1,At Risk
15942.0,133,1,337.44,2,At Risk
15944.0,276,1,325.1,1,At Risk
15945.0,364,1,181.0,1,At Risk
15947.0,82,1,1708.24,2,Low Value
15948.0,7,2,955.24,2,Low Value
15949.0,16,2,364.72,2,Low Value
15950.0,31,4,1765.51,2,Low Value
15951.0,8,2,708.22,2,Low Value
15952.0,33,4,806.57,2,Low Value
15953.0,14,8,1659.38,0,High Value
15955.0,23,14,4416.26,3,High Value
15957.0,31,1,428.89,2,Low Value
15958.0,73,1,104.35,2,Low Value
15963.0,19,2,470.76,2,Low Value
15965.0,16,4,845.64,2,Low Value
15967.0,22,2,418.83,2,Low Value
15969.0,2,3,666.1,2,Low Value
15970.0,303,1,314.1,1,At Risk
15971.0,17,12,4199.85,0,High Value
15973.0,366,1,307.82000000000005,1,At Risk
15974.0,38,7,3442.15,0,High Value
15975.0,83,1,371.01,2,Low Value
15976.0,164,2,430.94,1,At Risk
15977.0,16,2,1054.73,2,Low Value
15978.0,76,1,1098.78,2,Low Value
15980.0,88,3,2398.86,2,Low Value
15981.0,24,8,3408.48,0,High Value
15983.0,21,4,1475.02,2,Low Value
15984.0,2,10,2837.67,0,High Value
15985.0,122,2,1142.42,2,At Risk
15986.0,29,1,168.12,2,Low Value
15987.0,11,7,1451.28,0,High Value
15988.0,18,1,158.03,2,Low Value
15990.0,43,2,792.11,2,Low Value
15992.0,3,1,41.99,2,Low Value
15993.0,8,7,2797.57,0,High Value
15994.0,54,1,427.07,2,Low Value
15996.0,87,6,1060.68,0,High Value
15998.0,36,5,3089.97,0,Low Value
16000.0,2,3,12393.7,3,Low Value
16003.0,29,5,2735.37,0,Low Value
16005.0,11,4,615.39,2,Low Value
16006.0,210,1,101.4,1,At Risk
16007.0,47,4,1701.94,2,Low Value
16008.0,23,3,478.78,2,Low Value
16009.0,21,4,992.71,2,Low Value
16010.0,245,3,407.5,1,At Risk
16011.0,7,16,3362.71,3,High Value
16012.0,34,3,1415.29,2,Low Value
16014.0,37,3,662.38,2,Low Value
16015.0,3,3,705.39,2,Low Value
16016.0,2,8,1508.76,0,High Value
16017.0,46,1,211.88,2,Low Value
16018.0,38,2,408.9,2,Low Value
16019.0,46,9,3786.24,0,High Value
16020.0,16,3,851.01,2,Low Value
16022.0,259,1,628.28,1,At Risk
16023.0,45,3,719.81,2,Low Value
16024.0,11,1,251.24,2,Low Value
16025.0,29,1,439.66,2,Low Value
16026.0,42,1,236.09,2,Low Value
16027.0,91,6,934.62,0,Loyal
16030.0,309,1,331.24,1,At Risk
16031.0,91,2,548.94,2,Low Value
16033.0,5,20,8816.4,3,High Value
16034.0,195,3,437.7000000000001,1,At Risk
16036.0,86,2,758.9200000000001,2,Low Value
16037.0,269,3,855.02,1,At Risk
16038.0,7,3,471.78,2,Low Value
16040.0,64,3,1313.55,2,Low Value
16041.0,30,3,3166.4,0,Low Value
16042.0,21,5,1197.27,2,Low Value
16043.0,37,4,773.99,2,Low Value
16045.0,119,4,1340.7,2,At Risk
16048.0,372,2,256.44,1,At Risk
16049.0,39,3,1111.79,2,Low Value
16050.0,173,1,137.9,1,At Risk
16052.0,53,1,362.06,2,Low Value
16053.0,32,2,1511.95,2,Low Value
16054.0,144,1,783.9,2,At Risk
16055.0,220,1,134.8,1,At Risk
16056.0,44,1,664.85,2,Low Value
16057.0,15,7,2263.12,0,High Value
16059.0,65,6,1459.86,0,High Value
16062.0,9,4,1153.62,2,Low Value
16063.0,259,1,335.32,1,At Risk
16065.0,364,1,372.09,1,At Risk
16066.0,16,5,1521.87,0,Low Value
16070.0,21,2,852.15,2,Low Value
16071.0,44,1,326.24,2,Low Value
16072.0,287,1,584.3199999999999,1,At Risk
16073.0,296,1,122.4,1,At Risk
16076.0,2,10,2234.73,0,High Value
16078.0,283,1,79.2,1,At Risk
16079.0,16,3,1352.0,2,Low Value
16080.0,81,2,217.16,2,Low Value
16081.0,55,5,2806.9,0,Low Value
16083.0,100,2,1317.62,2,Low Value
16084.0,298,1,436.18,1,At Risk
16085.0,22,5,981.51,2,Low Value
16086.0,58,5,1121.39,2,Low Value
16091.0,154,2,315.06,1,At Risk
16092.0,114,3,817.86,2,At Risk
16093.0,106,1,17.0,2,At Risk
16094.0,11,4,1078.23,2,Low Value
16096.0,263,1,320.62,1,At Risk
16097.0,239,1,185.05,1,At Risk
16098.0,87,7,2005.63,0,High Value
16099.0,49,3,731.9,2,Low Value
16101.0,70,1,1290.7,2,Low Value
16102.0,41,3,1842.14,2,Low Value
16103.0,6,6,1429.64,0,High Value
16104.0,61,1,302.36,2,Low Value
16105.0,248,1,336.96,1,At Risk
16106.0,65,1,108.38,2,Low Value
16107.0,17,7,3204.1600000000003,0,High Value
16108.0,84,1,842.5,2,Low Value
16109.0,218,2,611.88,1,At Risk
16110.0,44,3,1337.48,2,Low Value
16112.0,142,4,195.74,2,At Risk
16113.0,182,1,161.38,1,At Risk
16114.0,170,1,135.75000000000003,1,At Risk
16115.0,9,8,1667.97,0,High Value
16116.0,211,1,612.78,1,At Risk
16117.0,189,1,232.21,1,At Risk
16119.0,7,2,423.36,2,Low Value
16120.0,58,4,1309.14,2,Low Value
16121.0,56,2,867.11,2,Low Value
16122.0,72,4,684.42,2,Low Value
16123.0,51,1,307.78000000000003,2,Low Value
16124.0,316,1,249.0,1,At Risk
16125.0,366,1,289.35,1,At Risk
16126.0,28,4,6287.77,0,Low Value
16127.0,38,1,656.25,2,Low Value
16128.0,17,5,1880.22,0,Low Value
16131.0,51,6,3506.54,0,High Value
16134.0,21,2,618.09,2,Low Value
16135.0,262,1,517.55,1,At Risk
16136.0,59,3,709.38,2,Low Value
16139.0,18,3,635.4100000000001,2,Low Value
16140.0,65,2,725.1800000000001,2,Low Value
16141.0,87,1,620.4,2,Low Value
16142.0,249,1,535.34,1,At Risk
16143.0,2,6,2424.94,0,High Value
16144.0,246,1,175.2,1,At Risk
16145.0,8,11,3799.49,0,High Value
16146.0,156,3,734.13,1,At Risk
16147.0,133,1,375.0,2,At Risk
16148.0,295,1,76.32000000000001,1,At Risk
16149.0,4,2,280.52,2,Low Value
16150.0,42,5,2053.02,0,Low Value
16152.0,268,1,1829.04,1,At Risk
16153.0,49,5,1824.23,0,Low Value
16156.0,8,9,3122.04,0,High Value
16157.0,15,3,656.69,2,Low Value
16159.0,281,1,348.2,1,At Risk
16160.0,64,2,1025.44,2,Low Value
16161.0,1,19,5575.56,3,High Value
16162.0,251,1,37.4,1,At Risk
16163.0,231,2,856.6,1,At Risk
16164.0,16,3,822.48,2,Low Value
16169.0,7,4,1822.97,2,Low Value
16170.0,50,6,1885.05,0,High Value
16171.0,58,1,73.19999999999999,2,Low Value
16172.0,94,5,1140.21,2,Low Value
16173.0,15,6,1418.32,0,High Value
16174.0,125,3,1009.55,2,At Risk
16175.0,93,4,1037.59,2,Low Value
16177.0,49,1,331.95,2,Low Value
16178.0,137,1,197.9,2,At Risk
16179.0,60,1,215.83,2,Low Value
16180.0,99,8,10254.18,3,High Value
16181.0,72,1,305.54,2,Low Value
16182.0,71,4,6617.65,0,Low Value
16183.0,66,1,338.71000000000004,2,Low Value
16184.0,63,6,1158.79,0,High Value
16185.0,16,2,529.41,2,Low Value
16186.0,22,12,4006.94,0,High Value
16187.0,31,15,6911.4400000000005,3,High Value
16188.0,44,4,981.86,2,Low Value
16189.0,15,2,215.48,2,Low Value
16190.0,39,1,215.08,2,Low Value
16191.0,2,13,5180.52,3,High Value
16193.0,236,1,314.45,1,At Risk
16198.0,74,1,400.681,2,Low Value
16200.0,3,2,1080.62,2,Low Value
16201.0,2,4,1863.47,2,Low Value
16202.0,360,1,365.27,1,At Risk
16203.0,58,4,592.9,2,Low Value
16204.0,22,1,405.71,2,Low Value
16205.0,30,4,761.38,2,Low Value
16206.0,54,4,537.0600000000001,2,Low Value
16207.0,24,1,394.38,2,Low Value
16208.0,44,2,664.26,2,Low Value
16209.0,88,5,2262.62,0,Low Value
16211.0,88,1,547.02,2,Low Value
16212.0,18,2,690.34,2,Low Value
16213.0,78,1,159.0,2,Low Value
16214.0,170,3,1062.75,1,At Risk
16215.0,80,1,242.35,2,Low Value
16216.0,266,1,914.93,1,At Risk
16217.0,234,2,304.25,1,At Risk
16218.0,29,7,3084.68,0,High Value
16221.0,36,3,864.86,2,Low Value
16222.0,317,1,846.72,1,At Risk
16224.0,56,4,1295.3,2,Low Value
16225.0,44,5,1096.32,2,Low Value
16226.0,202,3,255.12,1,At Risk
16227.0,224,1,314.22,1,At Risk
16229.0,86,2,1010.6,2,Low Value
16230.0,189,2,542.03,1,At Risk
16232.0,43,4,990.88,2,Low Value
16233.0,70,3,536.6800000000001,2,Low Value
16235.0,40,5,867.3100000000001,2,Low Value
16236.0,77,1,432.2,2,Low Value
16239.0,56,2,414.2,2,Low Value
16240.0,23,2,3718.8,0,Low Value
16241.0,9,13,2607.87,0,High Value
16242.0,7,7,3603.21,0,High Value
16243.0,33,2,409.1,2,Low Value
16244.0,211,2,1522.75,1,At Risk
16245.0,23,3,1413.66,2,Low Value
16247.0,169,1,114.56,1,At Risk
16248.0,61,1,152.94,2,Low Value
16249.0,52,5,1800.07,0,Low Value
16250.0,260,2,389.44,1,At Risk
16253.0,66,2,3683.86,0,Low Value
16255.0,16,8,2619.91,0,High Value
16256.0,266,1,752.4300000000001,1,At Risk
16257.0,176,1,46.95,1,At Risk
16258.0,44,5,5203.51,0,Low Value
16260.0,50,1,1035.45,2,Low Value
16261.0,16,4,746.83,2,Low Value
16265.0,8,9,5447.0,0,High Value
16266.0,73,7,861.89,0,Loyal
16268.0,70,2,667.65,2,Low Value
16270.0,352,1,1141.24,1,At Risk
16271.0,2,5,1429.24,0,Low Value
16272.0,116,1,411.7,2,At Risk
16274.0,372,1,357.95,1,At Risk
16275.0,196,1,559.87,1,At Risk
16276.0,176,1,810.6,1,At Risk
16278.0,99,1,566.38,2,Low Value
16279.0,20,3,1509.58,2,Low Value
16281.0,71,1,2062.06,2,Low Value
16282.0,339,1,168.3,1,At Risk
16283.0,5,5,1570.81,0,Low Value
16284.0,30,2,823.97,2,Low Value
16287.0,169,1,142.5,1,At Risk
16292.0,121,1,302.25,2,At Risk
16293.0,21,10,2248.99,0,High Value
16295.0,9,4,1328.55,2,Low Value
16297.0,268,1,301.9,1,At Risk
16298.0,22,3,598.2,2,Low Value
16302.0,126,1,233.22,2,At Risk
16303.0,25,3,5360.63,0,Low Value
16305.0,138,1,361.22,2,At Risk
16306.0,213,6,632.27,1,Loyal
16308.0,37,4,2560.0,0,Low Value
16309.0,105,2,706.57,2,At Risk
16311.0,17,2,616.26,2,Low Value
16313.0,2,2,274.15000000000003,2,Low Value
16315.0,330,1,226.37,1,At Risk
16316.0,63,8,2938.91,0,High Value
16317.0,119,3,1341.65,2,At Risk
16318.0,34,1,328.15000000000003,2,Low Value
16319.0,217,1,404.4,1,At Risk
16320.0,171,2,1038.46,1,At Risk
16321.0,71,5,373.65,2,Low Value
16322.0,0,2,326.75,2,Low Value
16323.0,195,1,207.50000000000003,1,At Risk
16324.0,127,3,428.68,2,At Risk
16325.0,46,3,594.24,2,Low Value
16326.0,5,14,3110.96,0,High Value
16327.0,13,6,3844.22,0,High Value
16330.0,17,3,251.91,2,Low Value
16332.0,27,7,1593.2,0,High Value
16337.0,36,1,151.05,2,Low Value
16338.0,156,1,214.8,1,At Risk
16339.0,283,1,109.95,1,At Risk
16340.0,106,1,549.07,2,At Risk
16341.0,24,4,1971.87,0,Low Value
16342.0,74,4,322.41,2,Low Value
16343.0,15,2,370.48,2,Low Value
16344.0,157,1,101.1,1,At Risk
16345.0,43,1,575.41,2,Low Value
16347.0,10,2,887.65,2,Low Value
16348.0,31,7,1469.45,0,High Value
16349.0,290,1,53.5,1,At Risk
16350.0,20,4,1116.47,2,Low Value
16351.0,332,1,153.9,1,At Risk
16352.0,17,2,494.44,2,Low Value
16353.0,3,23,6675.71,3,High Value
16354.0,62,2,395.8,2,Low Value
16356.0,197,3,211.77,1,At Risk
16357.0,32,3,658.88,2,Low Value
16358.0,0,4,2027.5,0,Low Value
16359.0,6,9,1750.92,0,High Value
16360.0,4,6,3512.53,0,High Value
16361.0,9,4,896.66,2,Low Value
16362.0,31,5,734.77,2,Low Value
16363.0,52,1,109.36,2,Low Value
16364.0,11,2,707.04,2,Low Value
16365.0,17,9,1540.42,0,High Value
16366.0,18,1,327.3,2,Low Value
16367.0,36,2,804.49,2,Low Value
16368.0,1,2,497.43,2,Low Value
16369.0,17,3,1553.66,2,Low Value
16370.0,81,4,1320.56,2,Low Value
16372.0,32,2,367.93,2,Low Value
16374.0,65,2,473.03,2,Low Value
16376.0,8,2,987.01,2,Low Value
16377.0,266,1,676.2,1,At Risk
16378.0,246,3,362.95,1,At Risk
16379.0,3,4,2157.4,0,Low Value
16380.0,60,1,1780.59,2,Low Value
16383.0,74,2,668.36,2,Low Value
16384.0,89,2,584.5,2,Low Value
16385.0,59,3,555.89,2,Low Value
16386.0,28,2,317.2,2,Low Value
16387.0,322,1,94.36,1,At Risk
16389.0,52,4,1382.0700000000002,2,Low Value
16392.0,269,1,221.19,1,At Risk
16393.0,1,13,3046.21,0,High Value
16394.0,56,5,1555.34,0,Low Value
16395.0,60,5,1486.9,0,Low Value
16398.0,153,2,1705.8,2,At Risk
16399.0,18,2,408.57,2,Low Value
16400.0,94,1,303.93,2,Low Value
16401.0,0,12,4098.32,0,High Value
16402.0,264,2,299.6,1,At Risk
16403.0,311,1,177.5,1,At Risk
16404.0,69,1,443.05,2,Low Value
16405.0,301,2,167.25,1,At Risk
16406.0,18,1,163.07,2,Low Value
16407.0,12,10,2126.93,0,High Value
16409.0,35,5,2028.88,0,Low Value
16411.0,18,2,214.65,2,Low Value
16412.0,53,1,151.83,2,Low Value
16413.0,56,1,262.2,2,Low Value
16414.0,21,2,126.25,2,Low Value
16415.0,43,1,210.35,2,Low Value
16416.0,26,3,1051.4,2,Low Value
16418.0,44,3,675.27,2,Low Value
16419.0,112,6,972.23,2,Loyal
16423.0,24,1,346.12,2,Low Value
16424.0,190,1,133.56,1,At Risk
16425.0,301,1,302.7,1,At Risk
16426.0,1,10,1908.25,0,High Value
16427.0,262,2,241.06,1,At Risk
16429.0,105,1,284.55,2,At Risk
16430.0,56,1,300.85,2,Low Value
16431.0,212,3,642.81,1,At Risk
16432.0,63,1,287.40000000000003,2,Low Value
16433.0,27,1,184.26,2,Low Value
16434.0,28,7,1522.25,0,High Value
16438.0,5,5,798.35,2,Low Value
16440.0,7,5,3640.67,0,Low Value
16441.0,66,2,381.2,2,Low Value
16442.0,1,3,616.79,2,Low Value
16444.0,45,4,654.67,2,Low Value
16445.0,33,1,230.51,2,Low Value
16447.0,135,1,259.01,2,At Risk
16448.0,197,1,188.89,1,At Risk
16449.0,197,2,707.69,1,At Risk
16450.0,149,1,311.92,1,At Risk
16451.0,87,1,266.97,2,Low Value
16454.0,44,2,6.9,2,Low Value
16455.0,63,7,1841.18,0,High Value
16456.0,98,5,2158.37,0,Low Value
16457.0,217,1,208.36,1,At Risk
16458.0,2,18,3482.74,3,High Value
16460.0,27,3,814.72,2,Low Value
16461.0,177,1,151.42,1,At Risk
16462.0,73,3,136.0,2,Low Value
16463.0,20,4,1422.4,2,Low Value
16464.0,19,3,1314.68,2,Low Value
16466.0,33,7,1603.46,0,High Value
16468.0,73,1,74.9,2,Low Value
16469.0,23,4,650.43,2,Low Value
16470.0,51,4,762.39,2,Low Value
16471.0,274,1,223.95,1,At Risk
16473.0,164,3,316.11,1,At Risk
16474.0,6,7,1871.5,0,High Value
16475.0,87,4,544.3,2,Low Value
16477.0,63,7,2494.46,0,High Value
16478.0,24,3,331.0,2,Low Value
16479.0,9,2,300.83,2,Low Value
16480.0,75,1,769.29,2,Low Value
16482.0,15,1,220.62,2,Low Value
16483.0,191,1,139.35,1,At Risk
16484.0,173,2,404.3,1,At Risk
16485.0,76,1,363.65,2,Low Value
16488.0,32,3,498.8,2,Low Value
16491.0,46,1,731.5,2,Low Value
16493.0,79,4,1351.63,2,Low Value
16494.0,296,1,826.53,1,At Risk
16495.0,2,3,684.41,2,Low Value
16496.0,8,3,1599.52,2,Low Value
16497.0,49,6,2965.69,0,High Value
16498.0,160,2,100.97,1,At Risk
16499.0,359,2,365.45,1,At Risk
16500.0,4,6,400.86,2,Loyal
16503.0,106,4,1431.93,2,At Risk
16504.0,24,1,484.38,2,Low Value
16505.0,31,1,777.6,2,Low Value
16506.0,19,2,90.3,2,Low Value
16509.0,296,1,363.7000000000001,1,At Risk
16510.0,371,1,248.1,1,At Risk
16511.0,21,3,950.26,2,Low Value
16513.0,4,4,874.59,2,Low Value
16515.0,51,5,1627.13,0,Low Value
16516.0,29,1,101.7,2,Low Value
16517.0,276,1,162.70000000000002,1,At Risk
16518.0,60,2,484.32,2,Low Value
16519.0,24,2,215.08,2,Low Value
16520.0,185,3,1046.57,1,At Risk
16523.0,1,21,9418.47,3,High Value
16526.0,171,1,290.36,1,At Risk
16527.0,80,1,228.06,2,Low Value
16528.0,3,1,244.41,2,Low Value
16529.0,189,1,455.25,1,At Risk
16531.0,21,7,1244.59,0,High Value
16532.0,17,3,6748.8,0,Low Value
16533.0,18,3,1095.56,2,Low Value
16535.0,4,1,593.75,2,Low Value
16536.0,109,1,548.97,2,At Risk
16539.0,2,4,1388.81,2,Low Value
16542.0,53,1,119.62,2,Low Value
16545.0,164,1,339.3,1,At Risk
16546.0,290,2,787.15,1,At Risk
16549.0,9,10,4154.64,0,High Value
16550.0,108,5,2298.97,0,At Risk
16551.0,95,3,922.12,2,Low Value
16552.0,242,2,379.73,1,At Risk
16553.0,162,12,5719.82,3,High Value
16554.0,41,3,837.1,2,Low Value
16555.0,34,2,285.89,2,Low Value
16556.0,66,7,3313.79,0,High Value
16557.0,23,2,281.85,2,Low Value
16558.0,0,20,8338.49,3,High Value
16560.0,26,2,841.41,2,Low Value
16561.0,5,2,511.12,2,Low Value
16563.0,53,1,1077.74,2,Low Value
16565.0,363,1,173.7,1,At Risk
16566.0,14,5,614.66,2,Low Value
16567.0,193,2,865.6,1,At Risk
16569.0,2,1,124.2,2,Low Value
16570.0,14,10,3738.4,0,High Value
16571.0,26,3,1421.69,2,Low Value
16572.0,126,3,1009.6,2,At Risk
16573.0,84,2,663.61,2,Low Value
16574.0,70,1,451.44,2,Low Value
16581.0,182,1,105.84,1,At Risk
16582.0,112,1,313.62,2,At Risk
16583.0,373,1,233.45,1,At Risk
16584.0,79,2,936.08,2,Low Value
16586.0,248,1,463.95,1,At Risk
16587.0,231,1,225.15,1,At Risk
16589.0,70,3,459.24,2,Low Value
16591.0,68,1,213.5,2,Low Value
16592.0,3,16,4113.68,3,High Value
16593.0,50,3,330.03,2,Low Value
16594.0,74,1,181.09,2,Low Value
16595.0,60,1,360.16,2,Low Value
16596.0,15,2,250.15,2,Low Value
16597.0,3,1,90.04,2,Low Value
16598.0,285,1,145.05,1,At Risk
16600.0,3,6,813.52,0,Loyal
16601.0,40,1,244.8,2,Low Value
16602.0,35,1,528.08,2,Low Value
16603.0,74,2,482.47,2,Low Value
16607.0,17,14,3347.71,0,High Value
16609.0,14,7,5493.46,0,High Value
16610.0,218,1,75.66,1,At Risk
16611.0,185,1,129.49,1,At Risk
16612.0,32,4,1187.66,2,Low Value
16613.0,69,1,618.59,2,Low Value
16614.0,182,1,506.19,1,At Risk
16616.0,14,2,500.42,2,Low Value
16617.0,235,1,151.85,1,At Risk
16618.0,30,5,2647.59,0,Low Value
16619.0,263,1,226.21,1,At Risk
16620.0,3,2,178.96,2,Low Value
16621.0,51,4,813.48,2,Low Value
16623.0,245,1,129.45000000000002,1,At Risk
16624.0,80,2,810.57,2,Low Value
16625.0,274,1,333.08,1,At Risk
16626.0,0,17,4413.1,3,High Value
16627.0,78,1,322.8,2,Low Value
16628.0,29,5,2188.05,0,Low Value
16629.0,73,2,417.73,2,Low Value
16633.0,16,6,2883.1,0,High Value
16634.0,222,2,217.9,1,At Risk
16637.0,31,4,1154.47,2,Low Value
16638.0,22,10,1680.72,0,High Value
16639.0,30,3,1257.51,2,Low Value
16641.0,105,1,231.1,2,At Risk
16642.0,4,2,688.33,2,Low Value
16643.0,245,1,487.51,1,At Risk
16644.0,177,2,833.78,1,At Risk
16647.0,169,2,214.06,1,At Risk
16648.0,42,1,290.66,2,Low Value
16650.0,71,1,518.42,2,Low Value
16652.0,58,7,6773.97,3,High Value
16653.0,15,2,1212.66,2,Low Value
16654.0,140,4,601.27,2,At Risk
16655.0,17,6,3794.52,0,High Value
16656.0,21,15,8625.8,3,High Value
16657.0,9,4,933.62,2,Low Value
16658.0,367,1,123.24,1,At Risk
16659.0,188,1,39.12,1,At Risk
16660.0,15,4,1267.65,2,Low Value
16665.0,361,1,135.4,1,At Risk
16666.0,18,1,118.98,2,Low Value
16667.0,67,2,570.13,2,Low Value
16668.0,14,6,306.72,2,Loyal
16669.0,23,3,1374.87,2,Low Value
16670.0,16,11,4095.9,0,High Value
16671.0,27,3,1692.27,2,Low Value
16672.0,1,20,8134.94,3,High Value
16674.0,54,2,319.61,2,Low Value
16676.0,33,4,1592.12,2,Low Value
16678.0,2,12,3109.99,0,High Value
16679.0,365,1,129.75,1,At Risk
16680.0,42,1,183.7,2,Low Value
16681.0,72,6,1770.34,0,High Value
16682.0,4,5,1028.0,2,Low Value
16685.0,60,2,324.24,2,Low Value
16686.0,46,7,3062.83,0,High Value
16688.0,0,4,1260.86,2,Low Value
16689.0,75,2,422.6,2,Low Value
16690.0,71,2,225.58,2,Low Value
16692.0,255,2,1276.0,1,At Risk
16693.0,68,2,482.01,2,Low Value
16696.0,134,4,657.9,2,At Risk
16697.0,240,1,112.75,1,At Risk
16698.0,226,2,1998.0,1,At Risk
16700.0,8,13,5076.55,3,High Value
16701.0,8,13,5398.3,3,High Value
16705.0,0,20,14034.99,3,High Value
16706.0,36,3,531.35,2,Low Value
16708.0,45,1,656.63,2,Low Value
16709.0,84,5,3029.87,0,Low Value
16710.0,18,10,2483.04,0,High Value
16711.0,2,5,1651.03,0,Low Value
16712.0,8,11,3645.43,0,High Value
16713.0,18,15,6923.13,3,High Value
16714.0,218,3,1161.53,1,At Risk
16715.0,77,1,301.72,2,Low Value
16716.0,266,2,901.2,1,At Risk
16717.0,23,6,3858.38,0,High Value
16718.0,368,1,623.75,1,At Risk
16719.0,14,7,1790.42,0,High Value
16720.0,25,1,155.24,2,Low Value
16721.0,261,1,292.47,1,At Risk
16722.0,16,13,4730.81,3,High Value
16723.0,90,2,589.15,2,Low Value
16725.0,301,7,781.02,1,Loyal
16726.0,25,5,1382.02,0,Low Value
16727.0,363,1,272.82,1,At Risk
16728.0,45,4,1054.67,2,Low Value
16729.0,37,21,7239.92,3,High Value
16730.0,51,3,743.11,2,Low Value
16732.0,31,1,603.75,2,Low Value
16734.0,51,3,650.51,2,Low Value
16735.0,78,5,2300.56,0,Low Value
16737.0,52,1,417.6,2,Low Value
16738.0,297,1,3.75,1,At Risk
16739.0,176,1,323.0,1,At Risk
16742.0,46,1,464.9,2,Low Value
16743.0,28,7,2238.09,0,High Value
16744.0,10,7,1304.76,0,High Value
16745.0,86,17,7194.3,3,High Value
16746.0,4,18,6697.66,3,High Value
16747.0,37,2,836.0600000000001,2,Low Value
16748.0,17,5,1515.9,0,Low Value
16750.0,44,5,623.93,2,Low Value
16751.0,30,1,1764.72,2,Low Value
16752.0,372,1,207.5,1,At Risk
16753.0,57,1,223.92,2,Low Value
16754.0,371,1,2002.4,1,At Risk
16755.0,113,3,1496.83,2,At Risk
16756.0,214,1,239.4,1,At Risk
16757.0,318,1,106.83,1,At Risk
16758.0,64,1,369.34,2,Low Value
16759.0,7,3,789.79,2,Low Value
16761.0,96,1,316.62,2,Low Value
16762.0,19,3,1501.38,2,Low Value
16763.0,198,1,611.8499999999999,1,At Risk
16764.0,3,13,2799.25,0,High Value
16765.0,293,1,34.0,1,At Risk
16766.0,272,2,1145.6,1,At Risk
16767.0,30,11,5580.6,3,High Value
16768.0,47,3,478.09,2,Low Value
16769.0,259,1,380.39,1,At Risk
16770.0,57,5,770.1,2,Low Value
16771.0,32,5,2246.81,0,Low Value
16773.0,56,1,171.59,2,Low Value
16774.0,67,4,661.52,2,Low Value
16775.0,9,11,1695.66,0,High Value
16776.0,59,1,388.28,2,Low Value
16777.0,79,2,226.35,2,Low Value
16778.0,73,2,245.94,2,Low Value
16779.0,1,22,10629.72,3,High Value
16780.0,99,2,425.19,2,Low Value
16781.0,371,1,311.25,1,At Risk
16782.0,9,13,2279.9,0,High Value
16784.0,19,1,107.6,2,Low Value
16788.0,122,2,597.48,2,At Risk
16789.0,7,1,80.80000000000001,2,Low Value
16790.0,3,6,1545.62,0,High Value
16791.0,28,7,1721.78,0,High Value
16792.0,281,2,110.38,1,At Risk
16793.0,56,1,243.84,2,Low Value
16794.0,0,10,1222.71,0,High Value
16795.0,364,1,414.88,1,At Risk
16796.0,88,1,305.62,2,Low Value
16800.0,10,1,1201.49,2,Low Value
16801.0,162,4,1619.73,1,At Risk
16803.0,64,1,332.3,2,Low Value
16804.0,22,3,536.99,2,Low Value
16805.0,173,2,460.59,1,At Risk
16806.0,102,4,801.49,2,At Risk
16807.0,142,3,1121.59,2,At Risk
16808.0,98,2,288.42,2,Low Value
16809.0,22,5,914.69,2,Low Value
16810.0,191,1,309.54,1,At Risk
16811.0,4,2,547.07,2,Low Value
16812.0,360,1,479.35,1,At Risk
16813.0,7,10,1692.98,0,High Value
16814.0,13,21,6509.1,3,High Value
16816.0,102,4,417.06,2,At Risk
16817.0,2,9,1604.75,0,High Value
16818.0,10,11,3349.57,0,High Value
16820.0,95,1,497.61,2,Low Value
16823.0,226,1,358.38,1,At Risk
16824.0,15,2,460.64,2,Low Value
16825.0,38,2,775.18,2,Low Value
16826.0,50,1,341.7,2,Low Value
16828.0,92,2,128.5,2,Low Value
16829.0,156,1,197.22,1,At Risk
16830.0,38,1,325.91,2,Low Value
16832.0,183,3,199.15,1,At Risk
16833.0,0,4,1106.53,2,Low Value
16834.0,227,1,413.46,1,At Risk
16835.0,127,2,180.85,2,At Risk
16836.0,39,2,251.87,2,Low Value
16837.0,30,11,3170.98,0,High Value
16838.0,196,2,588.85,1,At Risk
16841.0,36,6,1869.82,0,High Value
16842.0,100,3,1264.19,2,Low Value
16843.0,42,16,10196.57,3,High Value
16846.0,49,1,214.32,2,Low Value
16847.0,42,1,193.44,2,Low Value
16848.0,52,1,281.42,2,Low Value
16849.0,186,1,124.57,1,At Risk
16850.0,333,1,332.41,1,At Risk
16851.0,3,3,342.45,2,Low Value
16852.0,9,2,144.91,2,Low Value
16855.0,23,2,328.40000000000003,2,Low Value
16856.0,14,1,35.400000000000006,2,Low Value
16858.0,368,1,375.69000000000005,1,At Risk
16859.0,144,2,747.81,2,At Risk
16861.0,59,2,173.76,2,Low Value
16863.0,30,2,502.8,2,Low Value
16866.0,140,3,207.74,2,At Risk
16869.0,22,4,825.4200000000001,2,Low Value
16871.0,21,6,2812.34,0,High Value
16872.0,76,3,680.02,2,Low Value
16873.0,4,6,7123.62,3,High Value
16875.0,66,5,2095.53,0,Low Value
16877.0,11,6,853.72,0,Loyal
16878.0,83,1,13.3,2,Low Value
16880.0,30,7,1519.08,0,High Value
16881.0,66,1,432.0,2,Low Value
16882.0,66,3,705.12,2,Low Value
16883.0,186,2,276.73,1,At Risk
16884.0,37,2,429.84,2,Low Value
16885.0,14,3,471.51,2,Low Value
16887.0,34,1,194.88,2,Low Value
16889.0,194,3,1578.67,1,At Risk
16891.0,1,5,809.7,2,Low Value
16892.0,0,5,525.54,2,Low Value
16893.0,366,1,145.93,1,At Risk
16895.0,64,1,219.14,2,Low Value
16897.0,298,2,289.78,1,At Risk
16898.0,25,3,508.81,2,Low Value
16899.0,7,6,1281.56,0,High Value
16900.0,16,3,887.11,2,Low Value
16902.0,115,1,1706.88,2,At Risk
16903.0,28,1,373.24,2,Low Value
16904.0,3,16,3754.27,3,High Value
16905.0,4,7,3102.43,0,High Value
16906.0,81,4,579.77,2,Low Value
16907.0,28,5,981.65,2,Low Value
16909.0,71,1,379.14,2,Low Value
16910.0,3,8,1510.06,0,High Value
16912.0,28,11,2575.38,0,High Value
16913.0,289,1,113.44,1,At Risk
16914.0,35,1,208.46,2,Low Value
16915.0,8,6,621.6800000000001,0,Loyal
16916.0,23,2,576.26,2,Low Value
16917.0,276,1,391.52,1,At Risk
16918.0,49,6,1068.82,0,High Value
16919.0,155,11,2596.45,0,High Value
16921.0,60,1,169.79,2,Low Value
16923.0,11,19,7247.61,3,High Value
16924.0,20,3,846.75,2,Low Value
16926.0,370,1,230.25,1,At Risk
16927.0,115,3,543.05,2,At Risk
16928.0,79,17,2847.6,3,High Value
16929.0,3,7,1295.39,0,High Value
16930.0,25,3,380.55,2,Low Value
16931.0,4,21,4604.22,3,High Value
16932.0,52,1,161.94,2,Low Value
16933.0,0,2,563.23,2,Low Value
16934.0,54,2,950.93,2,Low Value
16936.0,25,1,262.68,2,Low Value
16938.0,8,4,2736.38,0,Low Value
16940.0,51,3,3049.88,0,Low Value
16942.0,12,9,1920.59,0,High Value
16943.0,211,3,816.73,1,At Risk
16945.0,21,19,4345.5,3,High Value
16947.0,235,1,406.48,1,At Risk
16948.0,138,3,435.02,2,At Risk
16949.0,3,6,1286.27,0,High Value
16950.0,56,3,1178.56,2,Low Value
16951.0,134,3,1277.75,2,At Risk
16952.0,108,2,167.61,2,At Risk
16953.0,29,1,20.8,2,Low Value
16954.0,0,9,2085.08,0,High Value
16955.0,184,4,518.67,1,At Risk
16956.0,17,1,308.74,2,Low Value
16957.0,238,2,416.64,1,At Risk
16959.0,86,1,117.35,2,Low Value
16960.0,38,3,507.05,2,Low Value
16961.0,115,1,234.17,2,At Risk
16963.0,186,1,110.55,1,At Risk
16965.0,226,1,201.19,1,At Risk
16966.0,7,7,2154.97,0,High Value
16967.0,188,1,319.02,1,At Risk
16968.0,3,2,439.43,2,Low Value
16969.0,38,3,650.41,2,Low Value
16971.0,37,1,357.21,2,Low Value
16976.0,266,1,251.52,1,At Risk
16978.0,77,1,344.33,2,Low Value
16979.0,3,6,1852.0,0,High Value
16980.0,254,2,1078.96,1,At Risk
16982.0,60,1,384.06,2,Low Value
16983.0,12,7,1931.25,0,High Value
16984.0,87,2,4481.35,0,Low Value
16985.0,16,10,5464.12,3,High Value
16986.0,29,2,1873.2,2,Low Value
16987.0,2,7,1625.05,0,High Value
16988.0,4,1,126.12,2,Low Value
16989.0,6,6,1133.25,0,High Value
16990.0,218,1,179.0,1,At Risk
16992.0,10,5,1614.31,0,Low Value
16996.0,29,6,1456.96,0,High Value
16997.0,287,3,702.0,1,At Risk
16998.0,149,4,295.0,2,At Risk
16999.0,22,2,484.82,2,Low Value
17001.0,0,11,3989.57,0,High Value
17002.0,85,3,1493.73,2,Low Value
17004.0,45,2,1412.94,2,Low Value
17006.0,4,4,781.78,2,Low Value
17007.0,50,6,889.9300000000001,0,Loyal
17010.0,17,1,195.36,2,Low Value
17011.0,29,1,270.9,2,Low Value
17014.0,7,3,586.33,2,Low Value
17015.0,28,3,1842.56,2,Low Value
17017.0,2,20,8694.26,3,High Value
17018.0,40,2,920.1,2,Low Value
17019.0,10,4,1272.61,2,Low Value
17022.0,30,1,71.0,2,Low Value
17024.0,44,3,95.85,2,Low Value
17025.0,60,3,357.77,2,Low Value
17026.0,184,2,154.83,1,At Risk
17027.0,78,6,890.29,0,Loyal
17029.0,110,2,716.0,2,At Risk
17030.0,63,1,146.87,2,Low Value
17031.0,11,2,380.35,2,Low Value
17033.0,85,3,1030.14,2,Low Value
17034.0,15,3,745.52,2,Low Value
17035.0,245,2,433.53,1,At Risk
17037.0,87,1,1267.32,2,Low Value
17038.0,29,1,112.4,2,Low Value
17040.0,137,1,449.73,2,At Risk
17041.0,26,3,1081.57,2,Low Value
17042.0,2,5,1044.38,2,Low Value
17043.0,31,4,1735.18,2,Low Value
17044.0,24,1,948.48,2,Low Value
17045.0,112,3,339.44,2,At Risk
17046.0,156,1,642.02,1,At Risk
17047.0,84,3,1100.9,2,Low Value
17048.0,117,3,925.35,2,At Risk
17049.0,2,9,5659.9800000000005,3,High Value
17050.0,95,6,3228.84,0,High Value
17051.0,193,1,247.14,1,At Risk
17052.0,27,1,413.75,2,Low Value
17053.0,130,1,498.48,2,At Risk
17054.0,27,5,1356.33,0,Low Value
17058.0,81,3,1179.89,2,Low Value
17059.0,29,5,3095.04,0,Low Value
17060.0,265,1,234.24,1,At Risk
17061.0,73,11,5232.2300000000005,3,High Value
17062.0,313,4,538.37,1,At Risk
17063.0,20,7,1461.14,0,High Value
17064.0,58,3,859.35,2,Low Value
17068.0,11,21,4552.14,3,High Value
17069.0,27,9,2709.7000000000003,0,High Value
17070.0,113,1,312.14,2,At Risk
17071.0,27,9,2429.03,0,High Value
17073.0,17,4,1446.09,2,Low Value
17075.0,17,4,834.12,2,Low Value
17076.0,35,3,841.0799999999999,2,Low Value
17078.0,35,2,378.2,2,Low Value
17079.0,77,1,118.8,2,Low Value
17080.0,21,2,287.62,2,Low Value
17081.0,24,2,290.16,2,Low Value
17082.0,32,2,2003.85,2,Low Value
17083.0,108,3,1405.78,2,At Risk
17084.0,34,2,2949.75,2,Low Value
17085.0,122,5,1566.65,2,At Risk
17086.0,6,6,2050.08,0,High Value
17088.0,27,4,1991.01,0,Low Value
17090.0,3,7,2043.95,0,High Value
17091.0,2,9,3827.76,0,High Value
17092.0,49,4,1777.78,2,Low Value
17094.0,321,1,302.0,1,At Risk
17095.0,22,3,1324.16,2,Low Value
17096.0,14,4,1022.13,2,Low Value
17097.0,1,8,954.42,0,Loyal
17100.0,17,2,971.74,2,Low Value
17101.0,9,4,1621.73,2,Low Value
17102.0,261,1,25.5,1,At Risk
17105.0,158,2,665.78,1,At Risk
17107.0,32,6,10815.43,3,High Value
17109.0,28,6,885.04,0,Loyal
17110.0,164,1,163.29999999999998,1,At Risk
17111.0,46,1,248.61,2,Low Value
17114.0,5,8,808.62,0,Loyal
17115.0,7,3,837.5,2,Low Value
17117.0,287,1,116.2,1,At Risk
17118.0,317,1,157.02,1,At Risk
17119.0,2,2,606.91,2,Low Value
17120.0,232,1,307.46,1,At Risk
17122.0,118,1,138.32,2,At Risk
17123.0,161,1,345.3,1,At Risk
17124.0,184,1,298.89,1,At Risk
17125.0,49,1,259.35,2,Low Value
17126.0,151,5,1004.75,2,At Risk
17128.0,334,1,157.09,1,At Risk
17131.0,4,5,2463.17,0,Low Value
17133.0,15,7,4892.240000000001,0,High Value
17134.0,106,2,425.0,2,At Risk
17135.0,15,7,1139.73,0,High Value
17138.0,275,1,380.5,1,At Risk
17139.0,15,12,10668.47,3,High Value
17140.0,246,1,465.32,1,At Risk
17142.0,238,1,579.0,1,At Risk
17144.0,0,2,984.57,2,Low Value
17146.0,105,3,749.78,2,At Risk
17147.0,22,4,1714.59,2,Low Value
17148.0,51,1,124.88,2,Low Value
17152.0,194,3,1689.5,1,At Risk
17153.0,23,1,213.78,2,Low Value
17154.0,74,1,329.34,2,Low Value
17155.0,17,2,251.7,2,Low Value
17157.0,7,2,319.0,2,Low Value
17158.0,31,3,1266.97,2,Low Value
17159.0,21,3,1538.88,2,Low Value
17160.0,30,6,3518.03,0,High Value
17162.0,28,10,1715.46,0,High Value
17163.0,21,2,293.1,2,Low Value
17164.0,32,7,2467.35,0,High Value
17165.0,283,1,158.68,1,At Risk
17166.0,38,2,206.34,2,Low Value
17169.0,57,2,835.78,2,Low Value
17171.0,288,1,224.91,1,At Risk
17172.0,78,1,317.76,2,Low Value
17173.0,4,8,3766.6,0,High Value
17174.0,217,1,59.9,1,At Risk
17175.0,43,4,1443.69,2,Low Value
17176.0,201,1,306.13,1,At Risk
17179.0,177,3,711.79,1,At Risk
17180.0,55,4,796.03,2,Low Value
17181.0,56,2,239.92,2,Low Value
17183.0,7,6,3347.31,0,High Value
17186.0,46,2,144.0,2,Low Value
17187.0,226,1,203.95,1,At Risk
17188.0,10,7,2474.23,0,High Value
17189.0,105,2,384.4,2,At Risk
17190.0,58,2,444.74,2,Low Value
17191.0,27,7,2095.13,0,High Value
17193.0,35,7,1699.3,0,High Value
17194.0,273,2,262.62,1,At Risk
17197.0,29,1,1013.01,2,Low Value
17198.0,23,3,692.22,2,Low Value
17201.0,53,1,342.63,2,Low Value
17203.0,35,6,3563.85,0,High Value
17204.0,174,4,1564.56,1,At Risk
17205.0,53,1,384.08,2,Low Value
17206.0,52,1,204.24,2,Low Value
17211.0,26,8,2317.2200000000003,0,High Value
17212.0,252,1,226.85,1,At Risk
17213.0,39,7,2781.23,0,High Value
17214.0,59,6,1069.12,0,High Value
17217.0,233,1,113.5,1,At Risk
17218.0,3,10,1960.72,0,High Value
17219.0,31,1,114.23,2,Low Value
17220.0,23,14,3198.25,0,High Value
17221.0,6,2,335.13,2,Low Value
17222.0,64,1,354.15,2,Low Value
17223.0,309,2,426.79,1,At Risk
17226.0,308,1,393.49,1,At Risk
17227.0,18,6,939.32,0,Loyal
17228.0,15,8,1906.09,0,High Value
17229.0,95,2,318.76,2,Low Value
17230.0,263,8,3638.41,0,High Value
17231.0,11,10,3174.32,0,High Value
17232.0,2,2,421.52,2,Low Value
17233.0,34,1,190.88,2,Low Value
17234.0,182,1,149.89,1,At Risk
17235.0,24,2,550.0600000000001,2,Low Value
17236.0,12,6,916.13,0,Loyal
17237.0,10,2,314.69,2,Low Value
17238.0,2,17,3744.65,3,High Value
17239.0,312,1,382.5,1,At Risk
17242.0,107,2,1135.04,2,At Risk
17244.0,52,1,954.9,2,Low Value
17245.0,204,1,171.45000000000002,1,At Risk
17247.0,14,1,282.19,2,Low Value
17248.0,119,1,318.65,2,At Risk
17250.0,3,2,384.52,2,Low Value
17251.0,362,1,283.28000000000003,1,At Risk
17252.0,116,2,353.86,2,At Risk
17253.0,17,1,178.26,2,Low Value
17254.0,4,2,272.44,2,Low Value
17255.0,40,2,298.41,2,Low Value
17256.0,106,2,240.0,2,At Risk
17259.0,147,2,603.37,2,At Risk
17262.0,51,5,1253.36,2,Low Value
17263.0,207,1,63.440000000000005,1,At Risk
17265.0,138,2,562.9,2,At Risk
17266.0,1,3,310.64,2,Low Value
17267.0,126,2,317.62,2,At Risk
17268.0,107,4,763.64,2,At Risk
17272.0,41,4,2148.63,0,Low Value
17274.0,34,1,111.98,2,Low Value
17277.0,227,2,1065.35,1,At Risk
17278.0,240,1,246.04,1,At Risk
17279.0,57,1,187.83,2,Low Value
17282.0,129,3,1703.41,2,At Risk
17284.0,59,6,1652.58,0,High Value
17286.0,21,1,153.92,2,Low Value
17287.0,25,7,1064.11,0,High Value
17288.0,8,7,1419.73,0,High Value
17289.0,31,3,944.41,2,Low Value
17290.0,3,2,525.24,2,Low Value
17291.0,307,1,550.8000000000001,1,At Risk
17293.0,7,9,1875.11,0,High Value
17295.0,28,3,556.95,2,Low Value
17297.0,16,1,131.78,2,Low Value
17298.0,100,2,498.42,2,Low Value
17299.0,11,4,669.11,2,Low Value
17301.0,20,1,197.63,2,Low Value
17302.0,14,5,1135.63,2,Low Value
17303.0,360,1,250.04,1,At Risk
17306.0,10,19,8631.31,3,High Value
17309.0,94,1,82.75,2,Low Value
17311.0,77,2,1384.85,2,Low Value
17312.0,138,3,644.3,2,At Risk
17313.0,30,1,2328.84,2,Low Value
17314.0,24,8,2527.92,0,High Value
17317.0,45,3,2600.34,2,Low Value
17320.0,99,3,1200.62,2,Low Value
17321.0,7,2,700.86,2,Low Value
17323.0,14,7,921.07,0,Loyal
17324.0,17,4,990.23,2,Low Value
17325.0,279,1,96.8,1,At Risk
17329.0,13,2,523.11,2,Low Value
17330.0,22,2,363.9,2,Low Value
17331.0,123,1,175.2,2,At Risk
17333.0,85,1,494.25,2,Low Value
17334.0,301,2,307.02000000000004,1,At Risk
17337.0,150,4,2027.87,2,At Risk
17338.0,16,8,6643.93,3,High Value
17339.0,93,2,243.36,2,Low Value
17340.0,29,11,12353.29,3,High Value
17341.0,156,3,781.36,1,At Risk
17343.0,354,1,193.64,1,At Risk
17344.0,45,1,160.57,2,Low Value
17345.0,14,4,537.74,2,Low Value
17346.0,3,15,2676.56,0,High Value
17347.0,85,1,228.96,2,Low Value
17348.0,14,5,1159.52,2,Low Value
17349.0,178,1,110.75,1,At Risk
17350.0,7,4,1286.07,2,Low Value
17351.0,35,3,587.15,2,Low Value
17353.0,128,2,1740.0,2,At Risk
17354.0,50,1,1393.06,2,Low Value
17356.0,311,1,178.22,1,At Risk
17357.0,23,2,388.14,2,Low Value
17358.0,302,2,365.85,1,At Risk
17359.0,10,1,127.86,2,Low Value
17360.0,16,3,585.79,2,Low Value
17361.0,48,3,488.2,2,Low Value
17362.0,238,2,312.23,1,At Risk
17364.0,0,11,4481.18,0,High Value
17365.0,12,8,4801.56,0,High Value
17367.0,237,1,168.4,1,At Risk
17368.0,22,8,1912.67,0,High Value
17370.0,72,4,446.18,2,Low Value
17371.0,16,3,423.89,2,Low Value
17372.0,40,8,1342.68,0,High Value
17373.0,39,4,646.92,2,Low Value
17374.0,218,2,495.77,1,At Risk
17375.0,198,3,400.1,1,At Risk
17376.0,70,2,203.2,2,Low Value
17377.0,23,20,4100.92,3,High Value
17379.0,10,1,404.66,2,Low Value
17382.0,64,1,65.4,2,Low Value
17383.0,3,1,199.29,2,Low Value
17384.0,18,2,336.4,2,Low Value
17385.0,14,1,261.11,2,Low Value
17386.0,7,6,2686.42,0,High Value
17387.0,19,2,784.11,2,Low Value
17388.0,77,4,1259.56,2,Low Value
17391.0,163,2,508.8,1,At Risk
17392.0,306,2,457.91,1,At Risk
17394.0,218,1,203.87,1,At Risk
17396.0,38,8,7330.8,3,High Value
17397.0,21,2,696.41,2,Low Value
17398.0,114,3,653.38,2,At Risk
17400.0,125,5,2129.96,0,At Risk
17402.0,4,13,2633.85,0,High Value
17403.0,35,1,281.62,2,Low Value
17405.0,0,3,1031.41,2,Low Value
17406.0,332,3,2200.42,1,At Risk
17408.0,162,1,32.65,1,At Risk
17409.0,184,2,771.85,1,At Risk
17410.0,15,5,1214.72,2,Low Value
17411.0,11,3,778.94,2,Low Value
17412.0,2,7,1258.06,0,High Value
17414.0,43,2,778.0,2,Low Value
17415.0,79,1,507.84,2,Low Value
17416.0,29,7,6893.42,3,High Value
17418.0,41,2,463.46,2,Low Value
17419.0,10,12,4226.57,0,High Value
17420.0,49,3,598.83,2,Low Value
17422.0,15,6,1979.37,0,High Value
17423.0,45,2,698.41,2,Low Value
17425.0,18,2,759.1700000000001,2,Low Value
17426.0,7,6,5037.26,0,High Value
17427.0,71,1,100.8,2,Low Value
17429.0,127,3,524.9200000000001,2,At Risk
17430.0,32,2,265.76,2,Low Value
17431.0,312,1,403.3,1,At Risk
17432.0,17,2,365.76,2,Low Value
17433.0,87,1,303.16,2,Low Value
17434.0,1,7,2373.82,0,High Value
17436.0,1,2,216.3,2,Low Value
17438.0,253,1,388.4500000000001,1,At Risk
17440.0,156,3,186.42,1,At Risk
17442.0,36,6,2248.56,0,High Value
17443.0,219,1,534.24,1,At Risk
17444.0,147,3,2940.04,2,At Risk
17446.0,176,2,120.9,1,At Risk
17447.0,39,2,541.53,2,Low Value
17449.0,1,7,2520.86,0,High Value
17451.0,0,7,1721.4,0,High Value
17453.0,17,2,486.72,2,Low Value
17454.0,191,4,517.53,1,At Risk
17455.0,203,1,131.7,1,At Risk
17456.0,364,1,249.86,1,At Risk
17457.0,126,5,1737.7,0,At Risk
17458.0,14,1,316.5,2,Low Value
17459.0,42,2,657.3,2,Low Value
17460.0,93,6,622.4300000000001,2,Loyal
17461.0,22,3,757.46,2,Low Value
17462.0,59,2,675.69,2,Low Value
17463.0,15,5,1896.41,0,Low Value
17464.0,157,1,289.96000000000004,1,At Risk
17466.0,9,2,763.28,2,Low Value
17468.0,9,2,137.0,2,Low Value
17469.0,15,5,1870.97,0,Low Value
17470.0,44,5,1125.07,2,Low Value
17472.0,190,3,710.29,1,At Risk
17475.0,78,1,194.37,2,Low Value
17480.0,77,1,511.82,2,Low Value
17481.0,3,4,1255.59,2,Low Value
17483.0,64,3,414.04,2,Low Value
17486.0,260,1,396.87,1,At Risk
17489.0,58,2,376.64,2,Low Value
17490.0,0,7,2092.32,0,High Value
17491.0,0,10,3558.87,0,High Value
17492.0,247,1,374.57,1,At Risk
17495.0,7,2,497.56,2,Low Value
17496.0,358,1,271.05,1,At Risk
17498.0,75,1,272.22,2,Low Value
17499.0,289,1,622.88,1,At Risk
17500.0,16,3,1138.0,2,Low Value
17501.0,220,2,288.6,1,At Risk
17502.0,8,4,689.1,2,Low Value
17503.0,2,2,558.96,2,Low Value
17504.0,205,9,2997.03,0,High Value
17505.0,161,2,1145.84,1,At Risk
17506.0,75,1,302.2,2,Low Value
17507.0,261,2,605.58,1,At Risk
17508.0,280,1,387.31,1,At Risk
17509.0,57,8,6115.14,3,High Value
17510.0,24,1,308.48,2,Low Value
17512.0,28,10,2924.99,0,High Value
17513.0,71,1,513.2,2,Low Value
17514.0,127,1,208.65,2,At Risk
17515.0,30,4,639.02,2,Low Value
17516.0,14,5,768.08,2,Low Value
17517.0,308,1,153.94,1,At Risk
17519.0,16,6,1844.02,0,High Value
17520.0,53,1,546.81,2,Low Value
17521.0,29,3,723.21,2,Low Value
17522.0,1,5,1070.71,2,Low Value
17523.0,10,4,652.74,2,Low Value
17524.0,360,1,145.0,1,At Risk
17525.0,359,1,422.7,1,At Risk
17526.0,4,4,1195.9,2,Low Value
17527.0,53,4,939.37,2,Low Value
17528.0,0,8,3628.5,0,High Value
17530.0,0,10,2385.0,0,High Value
17531.0,189,1,296.7,1,At Risk
17534.0,53,1,223.36,2,Low Value
17535.0,279,1,164.4,1,At Risk
17536.0,176,1,76.5,1,At Risk
17537.0,29,2,897.62,2,Low Value
17538.0,25,1,98.42,2,Low Value
17540.0,24,2,578.9,2,Low Value
17542.0,269,1,170.75,1,At Risk
17545.0,42,3,645.96,2,Low Value
17548.0,233,1,103.3,1,At Risk
17549.0,23,2,148.86,2,Low Value
17550.0,196,3,267.16,1,At Risk
17551.0,358,1,306.84,1,At Risk
17552.0,59,4,930.41,2,Low Value
17553.0,129,1,1487.6,2,At Risk
17554.0,0,5,1952.45,0,Low Value
17555.0,19,2,483.26,2,Low Value
17556.0,205,1,157.9,1,At Risk
17557.0,13,3,541.46,2,Low Value
17560.0,94,4,854.95,2,Low Value
17561.0,18,1,167.62,2,Low Value
17562.0,13,7,1122.38,0,High Value
17564.0,23,3,454.01,2,Low Value
17566.0,7,2,901.21,2,Low Value
17567.0,6,8,4331.48,0,High Value
17569.0,331,1,344.14,1,At Risk
17571.0,49,4,1498.51,2,Low Value
17572.0,70,4,226.75000000000003,2,Low Value
17573.0,28,3,380.6,2,Low Value
17574.0,242,1,185.65,1,At Risk
17576.0,7,19,3622.68,3,High Value
17578.0,217,1,143.45999999999998,1,At Risk
17579.0,4,3,448.9,2,Low Value
17580.0,252,3,215.72,1,At Risk
17582.0,235,1,175.27,1,At Risk
17584.0,6,2,1242.3,2,Low Value
17585.0,108,4,1133.07,2,At Risk
17588.0,99,3,1240.2,2,Low Value
17589.0,59,4,2404.17,0,Low Value
17590.0,1,3,1479.22,2,Low Value
17591.0,72,7,2225.9700000000003,0,High Value
17593.0,3,5,3927.34,0,Low Value
17594.0,84,2,993.18,2,Low Value
17595.0,11,2,388.79,2,Low Value
17596.0,22,7,2827.93,0,High Value
17597.0,213,1,2044.37,1,At Risk
17600.0,17,1,161.67000000000002,2,Low Value
17601.0,238,1,116.01,1,At Risk
17602.0,1,6,5102.97,0,High Value
17603.0,77,1,394.72,2,Low Value
17604.0,216,2,309.36,1,At Risk
17608.0,32,2,193.42,2,Low Value
17609.0,40,5,1112.22,2,Low Value
17611.0,6,15,3984.22,3,High Value
17612.0,52,6,2048.45,0,High Value
17613.0,22,14,4559.150000000001,3,High Value
17614.0,56,1,390.07,2,Low Value
17615.0,129,3,329.6,2,At Risk
17616.0,173,3,571.1999999999999,1,At Risk
17618.0,5,3,971.58,2,Low Value
17619.0,311,1,218.52,1,At Risk
17620.0,59,1,81.44,2,Low Value
17621.0,20,3,1379.9,2,Low Value
17623.0,32,1,527.05,2,Low Value
17624.0,14,2,843.48,2,Low Value
17625.0,17,4,2047.0,0,Low Value
17628.0,80,1,75.75,2,Low Value
17629.0,5,8,1814.12,0,High Value
17630.0,169,2,503.6,1,At Risk
17631.0,1,3,528.33,2,Low Value
17633.0,30,4,1324.84,2,Low Value
17634.0,35,9,2361.9700000000003,0,High Value
17636.0,18,1,285.56,2,Low Value
17637.0,30,2,547.0600000000001,2,Low Value
17639.0,275,1,108.5,1,At Risk
17640.0,86,1,621.66,2,Low Value
17642.0,119,2,712.29,2,At Risk
17643.0,372,1,101.55,1,At Risk
17644.0,0,11,2895.64,0,High Value
17646.0,218,3,1008.39,1,At Risk
17647.0,64,1,133.06,2,Low Value
17648.0,60,4,1797.5,2,Low Value
17649.0,137,1,868.49,2,At Risk
17650.0,20,1,166.07999999999998,2,Low Value
17651.0,11,10,3945.0,0,High Value
17652.0,24,12,4867.72,3,High Value
17653.0,36,4,1207.56,2,Low Value
17654.0,276,1,117.55,1,At Risk
17655.0,10,7,2638.94,0,High Value
17656.0,72,5,1674.69,0,Low Value
17658.0,25,2,595.42,2,Low Value
17659.0,16,12,2999.46,0,High Value
17660.0,140,1,196.0,2,At Risk
17663.0,25,7,1802.91,0,High Value
17664.0,18,2,604.64,2,Low Value
17666.0,3,2,728.16,2,Low Value
17667.0,65,5,2055.51,0,Low Value
17668.0,0,2,347.75,2,Low Value
17669.0,42,7,3406.7200000000003,0,High Value
17670.0,227,1,205.7,1,At Risk
17671.0,15,4,1572.71,2,Low Value
17672.0,49,2,3178.17,2,Low Value
17673.0,1,6,1629.12,0,High Value
17674.0,73,2,551.04,2,Low Value
17676.0,3,6,1387.68,0,High Value
17678.0,263,1,298.11,1,At Risk
17679.0,52,2,1992.11,2,Low Value
17680.0,23,1,184.4,2,Low Value
17682.0,9,6,2474.33,0,High Value
17684.0,43,1,239.41,2,Low Value
17685.0,16,7,3191.53,0,High Value
17686.0,6,7,5739.46,0,High Value
17690.0,29,15,4757.95,3,High Value
17691.0,357,2,290.40000000000003,1,At Risk
17692.0,126,4,740.94,2,At Risk
17693.0,136,1,200.47,2,At Risk
17694.0,141,1,283.12,2,At Risk
17695.0,131,2,765.34,2,At Risk
17696.0,37,8,2285.71,0,High Value
17697.0,235,1,338.95,1,At Risk
17698.0,260,1,154.95,1,At Risk
17700.0,16,4,2534.64,0,Low Value
17701.0,252,1,417.95,1,At Risk
17702.0,29,4,1824.37,2,Low Value
17703.0,34,3,798.74,2,Low Value
17704.0,168,2,885.19,1,At Risk
17705.0,2,9,1823.52,0,High Value
17706.0,3,17,10504.49,3,High Value
17707.0,184,2,152.4,1,At Risk
17708.0,187,2,267.08,1,At Risk
17709.0,169,1,137.45,1,At Risk
17711.0,10,2,385.1,2,Low Value
17712.0,44,1,522.91,2,Low Value
17714.0,320,1,153.0,1,At Risk
17715.0,200,1,326.4,1,At Risk
17716.0,22,11,5655.99,3,High Value
17718.0,231,1,139.35,1,At Risk
17719.0,37,15,5396.04,3,High Value
17720.0,25,4,1195.94,2,Low Value
17722.0,95,4,2424.04,0,Low Value
17723.0,126,6,3276.4000000000005,0,High Value
17724.0,70,3,1033.0,2,Low Value
17725.0,15,11,3439.08,0,High Value
17727.0,14,1,1060.25,2,Low Value
17728.0,3,3,2876.01,0,Low Value
17730.0,2,13,5298.4800000000005,3,High Value
17731.0,78,4,1240.11,2,Low Value
17732.0,372,1,303.97,1,At Risk
17733.0,38,2,692.19,2,Low Value
17734.0,53,3,700.63,2,Low Value
17735.0,1,19,13110.02,3,High Value
17736.0,8,3,377.44,2,Low Value
17737.0,8,2,168.24,2,Low Value
17738.0,18,4,1879.05,2,Low Value
17739.0,11,7,2791.35,0,High Value
17742.0,112,2,355.11,2,At Risk
17744.0,3,6,2322.4,0,High Value
17746.0,239,1,110.25,1,At Risk
17747.0,112,1,71.4,2,At Risk
17749.0,177,2,674.52,1,At Risk
17750.0,4,9,1797.57,0,High Value
17752.0,358,1,80.64,1,At Risk
17754.0,0,5,1772.26,0,Low Value
17758.0,18,8,3456.7,0,High Value
17759.0,16,3,834.99,2,Low Value
17760.0,21,2,287.59,2,Low Value
17761.0,32,1,712.78,2,Low Value
17763.0,262,1,15.0,1,At Risk
17764.0,50,2,818.82,2,Low Value
17765.0,158,3,371.88,1,At Risk
17767.0,14,1,271.2,2,Low Value
17768.0,7,3,2273.1800000000003,2,Low Value
17769.0,12,10,3997.98,0,High Value
17770.0,198,5,1143.27,1,At Risk
17771.0,56,2,245.81,2,Low Value
17772.0,10,2,182.77,2,Low Value
17774.0,96,4,1225.41,2,Low Value
17775.0,254,1,56.4,1,At Risk
17777.0,24,3,665.86,2,Low Value
17779.0,20,3,658.57,2,Low Value
17781.0,158,2,188.02,1,At Risk
17783.0,71,2,283.47,2,Low Value
17785.0,52,1,131.94,2,Low Value
17786.0,84,2,278.74,2,Low Value
17787.0,152,4,1865.19,2,At Risk
17788.0,73,2,1117.9,2,Low Value
17789.0,280,1,225.9,1,At Risk
17790.0,26,14,1965.55,0,High Value
17791.0,29,1,106.1,2,Low Value
17793.0,24,1,323.04,2,Low Value
17795.0,179,2,350.39,1,At Risk
17796.0,39,4,697.9,2,Low Value
17797.0,21,3,780.43,2,Low Value
17799.0,21,10,3055.93,0,High Value
17800.0,36,9,1199.01,0,High Value
17802.0,81,3,1285.04,2,Low Value
17805.0,73,1,512.31,2,Low Value
17806.0,10,1,546.04,2,Low Value
17809.0,15,12,5411.91,3,High Value
17812.0,12,4,732.16,2,Low Value
17813.0,13,5,1770.88,0,Low Value
17816.0,36,4,36.56,2,Low Value
17817.0,3,3,387.68,2,Low Value
17819.0,71,7,3704.87,0,High Value
17824.0,50,1,298.4,2,Low Value
17827.0,4,5,1995.46,0,Low Value
17828.0,22,4,1820.09,2,Low Value
17829.0,298,1,889.24,1,At Risk
17830.0,1,3,398.7,2,Low Value
17831.0,32,1,35.400000000000006,2,Low Value
17832.0,49,1,155.37,2,Low Value
17835.0,2,3,350.64,2,Low Value
17836.0,46,1,110.21,2,Low Value
17837.0,41,8,1593.38,0,High Value
17838.0,26,5,2779.3,0,Low Value
17839.0,41,1,338.8,2,Low Value
17843.0,302,1,205.48,1,At Risk
17844.0,106,1,51.56,2,At Risk
17846.0,84,1,2033.1,2,Low Value
17848.0,80,9,901.2,0,Loyal
17849.0,217,4,605.8000000000001,1,At Risk
17852.0,11,2,114.34,2,Low Value
17854.0,184,2,311.26,1,At Risk
17855.0,372,1,208.97,1,At Risk
17856.0,1,4,1418.03,2,Low Value
17858.0,5,12,5155.66,3,High Value
17859.0,304,1,148.21,1,At Risk
17860.0,368,1,252.8,1,At Risk
17861.0,2,8,2100.8,0,High Value
17862.0,323,1,330.9,1,At Risk
17863.0,58,6,3160.0,0,High Value
17864.0,12,3,597.5,2,Low Value
17865.0,30,20,10526.32,3,High Value
17866.0,142,1,329.65000000000003,2,At Risk
17867.0,29,6,1197.1,0,High Value
17869.0,106,5,428.18,2,At Risk
17870.0,1,12,1894.35,0,High Value
17871.0,204,1,155.9,1,At Risk
17873.0,79,5,1859.16,0,Low Value
17874.0,184,6,683.46,1,Loyal
17877.0,169,1,237.61,1,At Risk
17878.0,43,1,379.45,2,Low Value
17879.0,173,1,178.52,1,At Risk
17880.0,364,1,458.92,1,At Risk
17881.0,303,1,133.35,1,At Risk
17883.0,2,4,671.77,2,Low Value
17884.0,3,4,717.45,2,Low Value
17885.0,11,1,190.19,2,Low Value
17886.0,31,3,899.61,2,Low Value
17887.0,128,1,111.35,2,At Risk
17888.0,20,8,726.05,0,Loyal
17889.0,211,2,203.87,1,At Risk
17890.0,322,2,602.09,1,At Risk
17891.0,161,1,203.86,1,At Risk
17892.0,55,3,244.1,2,Low Value
17893.0,224,1,112.25,1,At Risk
17894.0,71,8,1119.81,0,High Value
17895.0,43,1,98.0,2,Low Value
17896.0,22,1,256.32,2,Low Value
17897.0,172,3,566.6,1,At Risk
17898.0,84,2,152.06,2,Low Value
17899.0,158,1,155.8,1,At Risk
17900.0,189,2,112.2,1,At Risk
17901.0,28,1,110.38,2,Low Value
17904.0,20,1,191.67,2,Low Value
17905.0,70,4,800.24,2,Low Value
17906.0,246,1,72.9,1,At Risk
17908.0,373,1,243.28,1,At Risk
17911.0,8,1,366.23,2,Low Value
17912.0,309,5,311.01,1,At Risk
17913.0,58,2,411.6,2,Low Value
17914.0,3,1,336.43,2,Low Value
17917.0,44,3,341.28,2,Low Value
17919.0,87,1,1304.04,2,Low Value
17920.0,3,17,4204.1,3,High Value
17921.0,63,4,826.52,2,Low Value
17923.0,281,1,207.50000000000003,1,At Risk
17924.0,11,7,2962.5,0,High Value
17925.0,372,1,244.08,1,At Risk
17926.0,132,2,397.29,2,At Risk
17928.0,44,2,212.54,2,Low Value
17929.0,10,4,843.0,2,Low Value
17930.0,35,5,1740.48,0,Low Value
17931.0,133,2,408.36,2,At Risk
17932.0,28,3,1331.57,2,Low Value
17934.0,51,2,704.25,2,Low Value
17935.0,137,2,145.79,2,At Risk
17936.0,4,1,389.84,2,Low Value
17937.0,8,7,4301.22,0,High Value
17939.0,159,1,99.14,1,At Risk
17940.0,48,10,4106.4400000000005,0,High Value
17941.0,130,1,304.56,2,At Risk
17942.0,7,1,77.50000000000001,2,Low Value
17946.0,232,2,149.57999999999998,1,At Risk
17947.0,36,1,176.68,2,Low Value
17948.0,146,1,358.56000000000006,2,At Risk
17950.0,71,3,482.2,2,Low Value
17951.0,39,3,1008.54,2,Low Value
17954.0,4,12,2332.72,0,High Value
17955.0,198,4,557.3,1,At Risk
17956.0,248,1,12.75,1,At Risk
17957.0,65,1,111.68,2,Low Value
17958.0,116,1,508.46,2,At Risk
17960.0,170,1,73.78,1,At Risk
17962.0,141,1,102.83,2,At Risk
17964.0,31,2,471.7,2,Low Value
17965.0,37,14,2622.57,0,High Value
17966.0,37,5,1098.43,2,Low Value
17967.0,371,1,123.07,1,At Risk
17968.0,373,1,277.35,1,At Risk
17969.0,165,2,228.2,1,At Risk
17970.0,210,1,582.59,1,At Risk
17972.0,241,1,136.04,1,At Risk
17973.0,51,1,337.04,2,Low Value
17974.0,24,3,740.79,2,Low Value
17975.0,14,13,4488.81,3,High Value
17976.0,371,1,353.19,1,At Risk
17977.0,28,1,288.14,2,Low Value
17978.0,364,1,300.92,1,At Risk
17979.0,35,4,757.71,2,Low Value
17980.0,165,3,811.45,1,At Risk
17984.0,144,1,152.68,2,At Risk
17985.0,21,1,634.95,2,Low Value
17986.0,55,1,20.8,2,Low Value
17987.0,184,1,198.57,1,At Risk
17988.0,11,7,201.12,0,Loyal
17990.0,236,3,630.84,1,At Risk
17991.0,224,2,93.35,1,At Risk
17994.0,121,4,678.49,2,At Risk
17995.0,281,1,76.1,1,At Risk
17997.0,73,8,1970.67,0,High Value
17999.0,36,2,382.06,2,Low Value
18001.0,11,2,417.23,2,Low Value
18004.0,361,1,169.47,1,At Risk
18005.0,3,2,249.72,2,Low Value
18006.0,22,1,444.68,2,Low Value
18008.0,69,9,2116.19,0,High Value
18009.0,234,1,257.34,1,At Risk
18010.0,256,1,174.8,1,At Risk
18011.0,372,1,102.79,1,At Risk
18013.0,154,2,187.29,1,At Risk
18014.0,27,1,166.42,2,Low Value
18015.0,3,1,120.03,2,Low Value
18016.0,31,5,1483.56,0,Low Value
18017.0,80,3,523.0,2,Low Value
18018.0,107,2,122.14,2,At Risk
18019.0,51,1,38.45,2,Low Value
18022.0,35,1,668.11,2,Low Value
18024.0,152,2,389.78,1,At Risk
18027.0,98,1,115.31,2,Low Value
18030.0,3,2,230.65,2,Low Value
18032.0,333,1,73.5,1,At Risk
18033.0,64,1,97.97,2,Low Value
18034.0,21,2,422.88,2,Low Value
18035.0,35,3,730.4,2,Low Value
18036.0,31,3,405.62,2,Low Value
18037.0,153,6,70.02,2,Loyal
18040.0,18,2,357.20000000000005,2,Low Value
18041.0,11,21,4183.39,3,High Value
18042.0,53,1,165.04999999999998,2,Low Value
18043.0,24,3,559.51,2,Low Value
18044.0,3,10,2088.6,0,High Value
18045.0,44,1,189.4,2,Low Value
18048.0,202,2,172.29000000000002,1,At Risk
18050.0,358,1,74.4,1,At Risk
18053.0,70,1,300.02,2,Low Value
18055.0,6,10,6784.1900000000005,3,High Value
18056.0,287,1,363.65,1,At Risk
18058.0,9,1,170.16,2,Low Value
18059.0,22,3,306.46,2,Low Value
18061.0,21,10,2119.41,0,High Value
18062.0,172,3,720.52,1,At Risk
18064.0,132,2,814.0,2,At Risk
18065.0,5,14,2392.83,0,High Value
18066.0,74,1,318.0,2,Low Value
18067.0,39,1,396.33,2,Low Value
18068.0,288,1,101.7,1,At Risk
18069.0,25,5,2036.67,0,Low Value
18071.0,257,2,453.0,1,At Risk
18072.0,185,1,247.44,1,At Risk
18073.0,113,12,3877.52,0,High Value
18074.0,373,1,489.6,1,At Risk
18075.0,22,10,2611.75,0,High Value
18077.0,7,11,2633.01,0,High Value
18078.0,216,2,336.13,1,At Risk
18079.0,44,4,3651.97,0,Low Value
18080.0,18,2,1231.5,2,Low Value
18081.0,35,3,343.45,2,Low Value
18082.0,25,1,703.37,2,Low Value
18084.0,15,1,90.48,2,Low Value
18085.0,329,2,689.95,1,At Risk
18086.0,273,1,101.34,1,At Risk
18087.0,97,2,4055.72,0,Low Value
18088.0,60,1,167.67000000000002,2,Low Value
18092.0,1,11,9068.26,3,High Value
18093.0,92,4,2106.52,2,Low Value
18094.0,81,7,3017.3,0,High Value
18095.0,312,2,580.05,1,At Risk
18096.0,11,3,911.15,2,Low Value
18097.0,7,6,2697.8,0,High Value
18099.0,126,1,168.31,2,At Risk
18101.0,10,2,223.65,2,Low Value
18104.0,36,1,754.64,2,Low Value
18105.0,37,1,113.48000000000002,2,Low Value
18106.0,329,1,430.7,1,At Risk
18108.0,253,1,271.0,1,At Risk
18110.0,19,1,236.3,2,Low Value
18112.0,11,2,352.69,2,Low Value
18113.0,368,1,76.32000000000001,1,At Risk
18114.0,289,1,220.1,1,At Risk
18116.0,67,8,1418.03,0,High Value
18117.0,25,1,320.72,2,Low Value
18119.0,367,1,181.12,1,At Risk
18120.0,213,1,111.15,1,At Risk
18121.0,148,2,673.1,2,At Risk
18122.0,7,6,1826.21,0,High Value
18123.0,23,2,589.4399999999999,2,Low Value
18125.0,29,4,1142.99,2,Low Value
18126.0,60,1,206.83,2,Low Value
18127.0,18,3,348.73,2,Low Value
18129.0,242,1,112.55,1,At Risk
18130.0,14,3,1059.39,2,Low Value
18133.0,211,1,931.5,1,At Risk
18135.0,28,5,681.91,2,Low Value
18136.0,62,3,784.33,2,Low Value
18138.0,294,1,152.65,1,At Risk
18139.0,17,6,8438.34,3,High Value
18142.0,156,2,1019.52,1,At Risk
18143.0,116,2,1000.16,2,At Risk
18144.0,7,12,2888.75,0,High Value
18145.0,12,4,2861.55,0,Low Value
18146.0,140,2,160.35,2,At Risk
18147.0,45,2,179.34,2,Low Value
18149.0,50,3,612.0799999999999,2,Low Value
18150.0,31,3,566.58,2,Low Value
18151.0,134,2,653.35,2,At Risk
18154.0,2,2,399.19,2,Low Value
18155.0,74,3,371.62,2,Low Value
18156.0,12,2,734.94,2,Low Value
18158.0,8,2,453.4,2,Low Value
18159.0,300,1,530.15,1,At Risk
18160.0,56,2,638.0600000000001,2,Low Value
18161.0,14,5,1618.69,0,Low Value
18164.0,36,1,399.65,2,Low Value
18165.0,176,1,302.46,1,At Risk
18167.0,22,3,1384.86,2,Low Value
18168.0,175,6,1169.94,1,High Value
18169.0,60,1,202.65,2,Low Value
18170.0,32,3,980.31,2,Low Value
18171.0,58,5,1231.31,2,Low Value
18172.0,14,20,7561.68,3,High Value
18173.0,86,4,2106.84,2,Low Value
18174.0,6,1,104.0,2,Low Value
18176.0,357,1,476.35,1,At Risk
18177.0,30,6,1341.42,0,High Value
18178.0,128,4,1590.81,2,At Risk
18179.0,8,6,1793.17,0,High Value
18180.0,4,6,1843.75,0,High Value
18181.0,23,1,382.8,2,Low Value
18183.0,226,2,632.07,1,At Risk
18184.0,14,1,49.8,2,Low Value
18185.0,248,1,304.25,1,At Risk
18188.0,14,3,2001.04,2,Low Value
18189.0,77,2,1090.24,2,Low Value
18190.0,191,2,284.46000000000004,1,At Risk
18191.0,261,1,207.8,1,At Risk
18192.0,71,1,957.97,2,Low Value
18193.0,164,1,243.76,1,At Risk
18194.0,81,1,973.84,2,Low Value
18196.0,94,2,689.13,2,Low Value
18198.0,3,17,5425.56,3,High Value
18200.0,105,1,163.8,2,At Risk
18202.0,199,3,1396.99,1,At Risk
18203.0,156,1,160.42000000000002,1,At Risk
18204.0,70,3,1993.7,2,Low Value
18205.0,35,2,517.36,2,Low Value
18209.0,28,1,139.10000000000002,2,Low Value
18210.0,1,6,2621.38,0,High Value
18211.0,25,5,600.07,2,Low Value
18212.0,325,1,248.42,1,At Risk
18213.0,236,1,232.48,1,At Risk
18215.0,88,1,299.34000000000003,2,Low Value
18216.0,30,1,481.75,2,Low Value
18217.0,28,2,621.75,2,Low Value
18218.0,210,2,662.08,1,At Risk
18219.0,2,10,2069.77,0,High Value
18220.0,226,1,305.28,1,At Risk
18221.0,21,5,1041.61,2,Low Value
18222.0,92,1,443.0,2,Low Value
18223.0,4,14,6484.54,3,High Value
18224.0,263,1,158.95000000000002,1,At Risk
18225.0,2,12,5509.12,3,High Value
18226.0,43,11,5228.05,3,High Value
18227.0,217,1,93.75,1,At Risk
18228.0,56,2,779.9,2,Low Value
18229.0,11,20,7276.9,3,High Value
18230.0,8,7,2810.2000000000003,0,High Value
18231.0,191,5,2083.27,1,At Risk
18232.0,81,4,592.97,2,Low Value
18233.0,325,1,440.0,1,At Risk
18235.0,71,3,1796.48,2,Low Value
18236.0,29,6,882.24,0,Loyal
18237.0,2,5,987.1,2,Low Value
18239.0,218,5,1561.61,1,At Risk
18240.0,45,1,422.58,2,Low Value
18241.0,9,17,2073.09,0,High Value
18242.0,71,4,2232.49,0,Low Value
18245.0,6,7,2567.06,0,High Value
18246.0,23,2,596.1,2,Low Value
18248.0,122,2,804.02,2,At Risk
18249.0,16,1,95.34,2,Low Value
18250.0,309,1,349.27,1,At Risk
18251.0,86,1,4314.72,0,Low Value
18252.0,50,2,526.67,2,Low Value
18255.0,88,1,103.3,2,Low Value
18257.0,38,8,2337.63,0,High Value
18259.0,24,3,2338.6,2,Low Value
18260.0,172,6,2643.2000000000003,0,High Value
18261.0,42,2,324.24,2,Low Value
18262.0,139,1,149.48,2,At Risk
18263.0,25,3,1213.16,2,Low Value
18265.0,71,2,801.51,2,Low Value
18268.0,133,1,25.5,2,At Risk
18269.0,365,1,168.60000000000002,1,At Risk
18270.0,37,2,283.15000000000003,2,Low Value
18272.0,2,6,3078.58,0,High Value
18273.0,1,3,204.0,2,Low Value
18274.0,29,1,175.92,2,Low Value
18276.0,43,1,335.86,2,Low Value
18277.0,57,1,110.38,2,Low Value
18278.0,73,1,173.9,2,Low Value
18280.0,277,1,180.6,1,At Risk
18281.0,180,1,80.82,1,At Risk
18282.0,7,2,178.05,2,Low Value
18283.0,3,16,2094.88,0,High Value
18287.0,42,3,1837.28,2,Low Value
